相对路径,"下载直链(带签名,会过期)",状态
理论力学/01 绪论/01 绪论/绪论.pdf,http://edu-lesson-pdfsrc.nosdn.127.net/63490069C3CD8AF8479A10E4622DD768-1537522297353?download=%E7%BB%AA%E8%AE%BA.pdf&Signature=GL%2Bin7KmuLtbpZahcT1Qi4j6%2FQm9iV4VYfrUOX5T348%3D&Expires=1791004099&NOSAccessKeyId=d2ca2de86db14c39bb7ed799fec5e233,OK
理论力学/02 第1章：几何静力学/01 1-1静力学公理/1.1静力学基础.pdf,http://edu-lesson-pdfsrc.nosdn.127.net/EF69945CE4F71FD1642D74342EC310B0-1537524779565?download=1.1%E9%9D%99%E5%8A%9B%E5%AD%A6%E5%9F%BA%E7%A1%80.pdf&Signature=bKAyOKDsF9PIEeSOoWdjso7LYJ4b7DWOEXA9J9LF6qY%3D&Expires=1791004106&NOSAccessKeyId=d2ca2de86db14c39bb7ed799fec5e233,OK
理论力学/02 第1章：几何静力学/02 1-2力系的简化/1.2.1力和力偶.pdf,http://edu-lesson-pdfsrc.nosdn.127.net/0467202B635E23CC1FCF86D400B25429-1537525441291?download=1.2.1%E5%8A%9B%E5%92%8C%E5%8A%9B%E5%81%B6.pdf&Signature=KBRQ9Mk4LE0kr%2B2f78DoxUBLkn%2B7pKZGnhCextt9kPU%3D&Expires=1791004112&NOSAccessKeyId=d2ca2de86db14c39bb7ed799fec5e233,OK
理论力学/02 第1章：几何静力学/02 1-2力系的简化/1.2.2特殊力系的简化.pdf,http://edu-lesson-pdfsrc.nosdn.127.net/2A5DE05DEA61D3856E879D11AF1BE9C2-1537676914572?download=1.2.2%E7%89%B9%E6%AE%8A%E5%8A%9B%E7%B3%BB%E7%9A%84%E7%AE%80%E5%8C%96.pdf&Signature=Vmip3rtfA13kw7eGPc%2B%2F1vv76Qbxb2jX7x%2Fr2luQgCA%3D&Expires=1791004116&NOSAccessKeyId=d2ca2de86db14c39bb7ed799fec5e233,OK
理论力学/02 第1章：几何静力学/02 1-2力系的简化/1.2.3力的平移定理.pdf,http://edu-lesson-pdfsrc.nosdn.127.net/E8C5B60782B4CE691AEDA0DF08A7F954-1537676973986?download=1.2.3%E5%8A%9B%E7%9A%84%E5%B9%B3%E7%A7%BB%E5%AE%9A%E7%90%86.pdf&Signature=LuUig%2Ft4N%2BV%2BQY0kbE1lNWs1PA0zB%2BISY7yYU1W%2B2Kc%3D&Expires=1791004121&NOSAccessKeyId=d2ca2de86db14c39bb7ed799fec5e233,OK
理论力学/02 第1章：几何静力学/02 1-2力系的简化/1.2.4空间任意力系的简化.pdf,http://edu-lesson-pdfsrc.nosdn.127.net/CA26237F9634ED73D7F82DFD0F340F22-1537677118502?download=1.2.4%E7%A9%BA%E9%97%B4%E4%BB%BB%E6%84%8F%E5%8A%9B%E7%B3%BB%E7%9A%84%E7%AE%80%E5%8C%96.pdf&Signature=F0gHWdX9vV%2BdUXlZXhoVF0j%2FzxE9%2Bk4coXNyU4lVbqE%3D&Expires=1791004125&NOSAccessKeyId=d2ca2de86db14c39bb7ed799fec5e233,OK
理论力学/02 第1章：几何静力学/03 1-3约束与受力分析/1.3.1常见约束及其约束力.pdf,http://edu-lesson-pdfsrc.nosdn.127.net/C4D5E216A4B6C949E3751D10D57B8973-1537682656425?download=1.3.1%E5%B8%B8%E8%A7%81%E7%BA%A6%E6%9D%9F%E5%8F%8A%E5%85%B6%E7%BA%A6%E6%9D%9F%E5%8A%9B.pdf&Signature=4U2N%2BzfVMCAWE68cmeEnU%2FaQC0FMPcrwCyu%2FreaagQo%3D&Expires=1791004129&NOSAccessKeyId=d2ca2de86db14c39bb7ed799fec5e233,OK
理论力学/02 第1章：几何静力学/03 1-3约束与受力分析/1.3.2受力分析.pdf,http://edu-lesson-pdfsrc.nosdn.127.net/CB80B087A630349B91FF27B9C5F4E9EB-1537682663789?download=1.3.2%E5%8F%97%E5%8A%9B%E5%88%86%E6%9E%90.pdf&Signature=8M2ft9EIrAed%2Br%2ByNQTz%2FRd02mXJVgDD02qyj0%2FoYjI%3D&Expires=1791004135&NOSAccessKeyId=d2ca2de86db14c39bb7ed799fec5e233,OK
理论力学/02 第1章：几何静力学/04 1-4力系的平衡/1.4.1平面力系的平衡方程.pdf,http://edu-lesson-pdfsrc.nosdn.127.net/7D7C70E663CDFA7FDCAE87D2C8258DCE-1537682903870?download=1.4.1%E5%B9%B3%E9%9D%A2%E5%8A%9B%E7%B3%BB%E7%9A%84%E5%B9%B3%E8%A1%A1%E6%96%B9%E7%A8%8B.pdf&Signature=smHFlt9%2Bj7vkNuoOCDZG6gA9KqIocxsF1U%2F%2BJGy5%2B4c%3D&Expires=1791004138&NOSAccessKeyId=d2ca2de86db14c39bb7ed799fec5e233,OK
理论力学/02 第1章：几何静力学/04 1-4力系的平衡/1.4.2空间力系.pdf,http://edu-lesson-pdfsrc.nosdn.127.net/37D0A6AA9A3ED978B553BE722C19DA2B-1537682908493?download=1.4.2%E7%A9%BA%E9%97%B4%E5%8A%9B%E7%B3%BB.pdf&Signature=2Dgd9O4unDOJpzGpHiK67E7BW6sPgH1mGrFkjMY1fVg%3D&Expires=1791004143&NOSAccessKeyId=d2ca2de86db14c39bb7ed799fec5e233,OK
理论力学/02 第1章：几何静力学/04 1-4力系的平衡/1.4.3刚体系的平衡问题.pdf,http://edu-lesson-pdfsrc.nosdn.127.net/91CC75DD047EE619A0EFCF7A914D7354-1537682915670?download=1.4.3%E5%88%9A%E4%BD%93%E7%B3%BB%E7%9A%84%E5%B9%B3%E8%A1%A1%E9%97%AE%E9%A2%98.pdf&Signature=ZhDNP5oSn1k%2BrQ%2B4r7SES81h9CubDU8Eaz3ZRG7fpBA%3D&Expires=1791004145&NOSAccessKeyId=d2ca2de86db14c39bb7ed799fec5e233,OK
理论力学/02 第1章：几何静力学/04 1-4力系的平衡/1.4.4平面桁架内力计算.pdf,http://edu-lesson-pdfsrc.nosdn.127.net/54AF7A86A56FD3A117F4C1B3693D1439-1537682942589?download=1.4.4%E5%B9%B3%E9%9D%A2%E6%A1%81%E6%9E%B6%E5%86%85%E5%8A%9B%E8%AE%A1%E7%AE%97.pdf&Signature=%2B8LUnPLZNJohZlCo0yaYiCVEEb5sKCHQWeYuIxZZlSY%3D&Expires=1791004151&NOSAccessKeyId=d2ca2de86db14c39bb7ed799fec5e233,OK
理论力学/02 第1章：几何静力学/05 1-5考虑摩擦的平衡问题/1.4.5摩擦与自锁.pdf,http://edu-lesson-pdfsrc.nosdn.127.net/B9E7B7EB7D9C6572BC6C213DE0238F04-1537682941550?download=1.4.5%E6%91%A9%E6%93%A6%E4%B8%8E%E8%87%AA%E9%94%81.pdf&Signature=G%2FVSeVBATKMJvnGYZitb0IjLBRgNLXi1%2BY9Ct%2BgNrFI%3D&Expires=1791004158&NOSAccessKeyId=d2ca2de86db14c39bb7ed799fec5e233,OK
理论力学/02 第1章：几何静力学/05 1-5考虑摩擦的平衡问题/1.4.6考虑摩擦的平衡问题.pdf,http://edu-lesson-pdfsrc.nosdn.127.net/8E5FC250989D1480588034910A925144-1537682952526?download=1.4.6%E8%80%83%E8%99%91%E6%91%A9%E6%93%A6%E7%9A%84%E5%B9%B3%E8%A1%A1%E9%97%AE%E9%A2%98.pdf&Signature=Gcok7Vra0FQ7eBW6RdiyZncDFSP%2BQdpotu7qatFyZg8%3D&Expires=1791004166&NOSAccessKeyId=d2ca2de86db14c39bb7ed799fec5e233,OK
理论力学/03 第2章：运动学基础/01 2-1 点的运动/2.1运动学基础-点的运动.pdf,http://edu-lesson-pdfsrc.nosdn.127.net/33F67D83B1B9EF21AEC9A9F3CCBD7004-1537684052877?download=2.1%E8%BF%90%E5%8A%A8%E5%AD%A6%E5%9F%BA%E7%A1%80-%E7%82%B9%E7%9A%84%E8%BF%90%E5%8A%A8.pdf&Signature=ya4wl54V5ZRnWWzzaIcaBFEhPU66KerKqsOxlztFGBA%3D&Expires=1791004170&NOSAccessKeyId=d2ca2de86db14c39bb7ed799fec5e233,OK
理论力学/03 第2章：运动学基础/02 2-2 刚体的基本运动/2.2运动学基础-刚体的运动.pdf,http://edu-lesson-pdfsrc.nosdn.127.net/BAD8CC56666D5F6F7234F5A3C3476B33-1537684084726?download=2.2%E8%BF%90%E5%8A%A8%E5%AD%A6%E5%9F%BA%E7%A1%80-%E5%88%9A%E4%BD%93%E7%9A%84%E8%BF%90%E5%8A%A8.pdf&Signature=Ebx3jgLvJ4IovTliSb07j1yNR%2FzTF3kYQ5%2Bb5r9Ykoc%3D&Expires=1791004177&NOSAccessKeyId=d2ca2de86db14c39bb7ed799fec5e233,OK
理论力学/04 第3章：点的复合运动/01 3-1复合运动基本概念/3.1.1点复合运动的概念.pdf,http://edu-lesson-pdfsrc.nosdn.127.net/7E208C6D38E0454E50AB98D9867FFD61-1537684144712?download=3.1.1%E7%82%B9%E5%A4%8D%E5%90%88%E8%BF%90%E5%8A%A8%E7%9A%84%E6%A6%82%E5%BF%B5.pdf&Signature=1M0PLRE9EThAUdD0K6Pn2MZ%2B1aRdqfprB0QS5gJx6fk%3D&Expires=1791004181&NOSAccessKeyId=d2ca2de86db14c39bb7ed799fec5e233,OK
理论力学/04 第3章：点的复合运动/01 3-1复合运动基本概念/3.1.2点复合运动动点动系确定.pdf,http://edu-lesson-pdfsrc.nosdn.127.net/CA1924AE1A68EA68350B3FF8895C7651-1537684162521?download=3.1.2%E7%82%B9%E5%A4%8D%E5%90%88%E8%BF%90%E5%8A%A8%E5%8A%A8%E7%82%B9%E5%8A%A8%E7%B3%BB%E7%A1%AE%E5%AE%9A.pdf&Signature=B4hUpaMB0JTsbIQGqMjDLIA7o0A7F%2BR3ha7xKs22%2B38%3D&Expires=1791004188&NOSAccessKeyId=d2ca2de86db14c39bb7ed799fec5e233,OK
理论力学/04 第3章：点的复合运动/01 3-1复合运动基本概念/3.1.3点复合运动牵连点确定.pdf,http://edu-lesson-pdfsrc.nosdn.127.net/B8ED2B9A1290B6C92E3F75ED8898163A-1537684169377?download=3.1.3%E7%82%B9%E5%A4%8D%E5%90%88%E8%BF%90%E5%8A%A8%E7%89%B5%E8%BF%9E%E7%82%B9%E7%A1%AE%E5%AE%9A.pdf&Signature=vUd93tjJKAblEjzZ1mSAKS9zBK%2FuEvGPbpU5Ukm5ROA%3D&Expires=1791004194&NOSAccessKeyId=d2ca2de86db14c39bb7ed799fec5e233,OK
理论力学/04 第3章：点的复合运动/02 3-2点的速度合成定理/3.2点复合运动-速度分析.pdf,http://edu-lesson-pdfsrc.nosdn.127.net/ED3F35229969429D3A4596384DA3B71E-1537684208989?download=3.2%E7%82%B9%E5%A4%8D%E5%90%88%E8%BF%90%E5%8A%A8-%E9%80%9F%E5%BA%A6%E5%88%86%E6%9E%90.pdf&Signature=yUhVq9XXj3Mq3uNd3ETa7ObdJnGYKmjE0pCETOK%2Fzz8%3D&Expires=1791004200&NOSAccessKeyId=d2ca2de86db14c39bb7ed799fec5e233,OK
理论力学/04 第3章：点的复合运动/03 3-3点的加速度合成定理/3.3.1点复合运动-加速度分析.pdf,http://edu-lesson-pdfsrc.nosdn.127.net/572AD810E780BA9B06443FA442FCA914-1537684246734?download=3.3.1%E7%82%B9%E5%A4%8D%E5%90%88%E8%BF%90%E5%8A%A8-%E5%8A%A0%E9%80%9F%E5%BA%A6%E5%88%86%E6%9E%90.pdf&Signature=0DgXZGoO%2B%2Ba%2BsiS7hgKfdJQdPb7%2BwMwhduNJF8g%2Fm%2Bw%3D&Expires=1791004204&NOSAccessKeyId=d2ca2de86db14c39bb7ed799fec5e233,OK
理论力学/04 第3章：点的复合运动/03 3-3点的加速度合成定理/3.3.2点复合运动-科氏加速度分析.pdf,http://edu-lesson-pdfsrc.nosdn.127.net/D0676621AA2CAECDC24D3F2D5E012374-1537684151482?download=3.3.2%E7%82%B9%E5%A4%8D%E5%90%88%E8%BF%90%E5%8A%A8-%E7%A7%91%E6%B0%8F%E5%8A%A0%E9%80%9F%E5%BA%A6%E5%88%86%E6%9E%90.pdf&Signature=vZMOX%2BEiRMehezevsDCfJkDnqXL7wFhJ3z5kC%2BJpyx8%3D&Expires=1791004209&NOSAccessKeyId=d2ca2de86db14c39bb7ed799fec5e233,OK
理论力学/05 动力学专题/01 碰撞/碰撞.pdf,http://edu-lesson-pdfsrc.nosdn.127.net/D47591AB9AEA90FBFB7FFCE37DC3FC65-1591058061700?download=%E7%A2%B0%E6%92%9E.pdf&Signature=5a7xtnexSYobjSRT8rbuNHiYfgzVuRBV1nuKqPN79FQ%3D&Expires=1791004215&NOSAccessKeyId=d2ca2de86db14c39bb7ed799fec5e233,OK
