合并后文件,章节,课时,原讲义文件名,页数
01 绪论.pdf,01 绪论,01 绪论,绪论.pdf,14
02 第1章 几何静力学.pdf,02 第1章：几何静力学,01 1-1静力学公理,1.1静力学基础.pdf,13
02 第1章 几何静力学.pdf,02 第1章：几何静力学,02 1-2力系的简化,1.2.1力和力偶.pdf,19
02 第1章 几何静力学.pdf,02 第1章：几何静力学,02 1-2力系的简化,1.2.2特殊力系的简化.pdf,19
02 第1章 几何静力学.pdf,02 第1章：几何静力学,02 1-2力系的简化,1.2.3力的平移定理.pdf,6
02 第1章 几何静力学.pdf,02 第1章：几何静力学,02 1-2力系的简化,1.2.4空间任意力系的简化.pdf,16
02 第1章 几何静力学.pdf,02 第1章：几何静力学,03 1-3约束与受力分析,1.3.1常见约束及其约束力.pdf,21
02 第1章 几何静力学.pdf,02 第1章：几何静力学,03 1-3约束与受力分析,1.3.2受力分析.pdf,12
02 第1章 几何静力学.pdf,02 第1章：几何静力学,04 1-4力系的平衡,1.4.1平面力系的平衡方程.pdf,13
02 第1章 几何静力学.pdf,02 第1章：几何静力学,04 1-4力系的平衡,1.4.2空间力系.pdf,9
02 第1章 几何静力学.pdf,02 第1章：几何静力学,04 1-4力系的平衡,1.4.3刚体系的平衡问题.pdf,16
02 第1章 几何静力学.pdf,02 第1章：几何静力学,04 1-4力系的平衡,1.4.4平面桁架内力计算.pdf,16
02 第1章 几何静力学.pdf,02 第1章：几何静力学,05 1-5考虑摩擦的平衡问题,1.4.5摩擦与自锁.pdf,23
02 第1章 几何静力学.pdf,02 第1章：几何静力学,05 1-5考虑摩擦的平衡问题,1.4.6考虑摩擦的平衡问题.pdf,12
03 第2章 运动学基础.pdf,03 第2章：运动学基础,01 2-1 点的运动,2.1运动学基础-点的运动.pdf,17
03 第2章 运动学基础.pdf,03 第2章：运动学基础,02 2-2 刚体的基本运动,2.2运动学基础-刚体的运动.pdf,14
04 第3章 点的复合运动.pdf,04 第3章：点的复合运动,01 3-1复合运动基本概念,3.1.1点复合运动的概念.pdf,11
04 第3章 点的复合运动.pdf,04 第3章：点的复合运动,01 3-1复合运动基本概念,3.1.2点复合运动动点动系确定.pdf,13
04 第3章 点的复合运动.pdf,04 第3章：点的复合运动,01 3-1复合运动基本概念,3.1.3点复合运动牵连点确定.pdf,13
04 第3章 点的复合运动.pdf,04 第3章：点的复合运动,02 3-2点的速度合成定理,3.2点复合运动-速度分析.pdf,11
04 第3章 点的复合运动.pdf,04 第3章：点的复合运动,03 3-3点的加速度合成定理,3.3.1点复合运动-加速度分析.pdf,20
04 第3章 点的复合运动.pdf,04 第3章：点的复合运动,03 3-3点的加速度合成定理,3.3.2点复合运动-科氏加速度分析.pdf,17
05 动力学专题.pdf,05 动力学专题,01 碰撞,碰撞.pdf,14
