原路径	归档路径	原字节数	原SHA256	当前SHA256	检查方式	页数或XML部件数	处置
AGENTS.md	AGENTS.md	5760	23b75cc78336d74724a18900c0793cca9f36c63ce98fc93f89b4445d0e790397	23b75cc78336d74724a18900c0793cca9f36c63ce98fc93f89b4445d0e790397	全文读取		原字节保留
probability/README.md	probability/README.md	2038	5e1e523fca539131282a8f62da6cfa604a5032bde6e17903abf837d3af1a9c3d	fe67f82c48237806935027bf6df4f1cb5243dbc201ab13972258ec7231ae5342	全文读取		文本路径/状态/安全修订
probability/memory/HANDOFF.md	probability/memory/HANDOFF.md	12593	d83e2ec83c375ad96f7289cfc984406cba276c166ace1faccbc7f3582d7811ef	77e421db112210b81d5535f998e10a7f0b38c21e6f4cfadd940463280c515fdf	全文读取		文本路径/状态/安全修订
probability/memory/LEARNINGS.md	probability/memory/LEARNINGS.md	8622	b32f55a67a587814b41689c034b50dc7c651ec9901199b784c67aef424f79d57	b32f55a67a587814b41689c034b50dc7c651ec9901199b784c67aef424f79d57	全文读取		原字节保留
probability/memory/PROGRESS.md	probability/memory/PROGRESS.md	9439	097cab67fb9edbc74883149088ad70d0cf8805f019f9883dee35c28d51ebeddb	7c7f7712d83a2ebee1041a97cf541c4f0a14413a372c67c004f48d9637699a8e	全文读取		文本路径/状态/安全修订
probability/第二章课后作业/build_second_edition.py	probability/历史版本/第二章课后作业/build_second_edition.py	3827	7c715b2ea51a2ddad0e90d70b412fca53067e3cb441a438ebfb39f220db7594b	7c715b2ea51a2ddad0e90d70b412fca53067e3cb441a438ebfb39f220db7594b	全文读取；AST语法通过		原字节保留
probability/第二章课后作业/verify_second_edition.py	probability/历史版本/第二章课后作业/verify_second_edition.py	6008	5c61a4636655030e19ae6d4773ad637cb4f8bf525c9cf9c7ec1a790dc5e07819	34646fdf02b6c95ba762024d6849e62344d4bb022e40a9636affea5bd448ab7d	全文读取；AST语法通过		文本路径/状态/安全修订
probability/第二章课后作业/作业02-第二版第二章AB偶数题-参考答案.md	probability/历史版本/第二章课后作业/作业02-第二版第二章AB偶数题-参考答案.md	7515	e639c204d37d1ff73fe95b99c1c640aa6720e42bb559dcc6d0ff946765de9b3a	e639c204d37d1ff73fe95b99c1c640aa6720e42bb559dcc6d0ff946765de9b3a	全文读取		原字节保留
probability/第二章课后作业/作业02-第二版第二章AB偶数题.md	probability/历史版本/第二章课后作业/作业02-第二版第二章AB偶数题.md	4386	316b7b4f690867489fb51744bb3d5896d876ebeb686f885de9091617c4000a6b	316b7b4f690867489fb51744bb3d5896d876ebeb686f885de9091617c4000a6b	全文读取		原字节保留
probability/第二章课后作业/第一章旧题卷与第二版题号对照.md	probability/历史版本/第二章课后作业/第一章旧题卷与第二版题号对照.md	4389	ad7e5961ad9ee493ad89277d732bedf1436ad5c9dae5a9d701a2f24d595a8705	ad7e5961ad9ee493ad89277d732bedf1436ad5c9dae5a9d701a2f24d595a8705	全文读取		原字节保留
probability/第二章课后作业/第二版-第二章AB偶数题-完整解析.pdf	probability/历史版本/第二章课后作业/第二版-第二章AB偶数题-完整解析.pdf	11017	9e5a6dabdac4ed438ce676e75390ee4dc7f395ca88cdc5143e0607b1e952021d	9e5a6dabdac4ed438ce676e75390ee4dc7f395ca88cdc5143e0607b1e952021d	全页文本提取；非逐页目视	3	原字节保留
probability/第二章课后作业/第二版-第二章AB偶数题-答题卷.pdf	probability/历史版本/第二章课后作业/第二版-第二章AB偶数题-答题卷.pdf	12582	a85177a675db87717db0ba6f3ad122b0e35e187a4f55b26af17716965327f8f3	a85177a675db87717db0ba6f3ad122b0e35e187a4f55b26af17716965327f8f3	全页文本提取；非逐页目视	7	原字节保留
probability/资料原件/概率论与数理统计-第二版-课后题.pdf	probability/资料原件/概率论与数理统计-第二版-课后题.pdf	7849734	c5ae23d354dacfd2e1bbc8bc87f2464b7664933d17f7ed50b50c736f8032b82f	c5ae23d354dacfd2e1bbc8bc87f2464b7664933d17f7ed50b50c736f8032b82f	全页文本提取；非逐页目视	43	原字节保留
probability/资料文本/ocr_second_edition.py	probability/资料文本/ocr_second_edition.py	1432	426e3dc5132ed1ca0792a78b45a91f1d5f700b27897301439aeddc079557cdbb	426e3dc5132ed1ca0792a78b45a91f1d5f700b27897301439aeddc079557cdbb	全文读取；AST语法通过		原字节保留
probability/资料文本/概率论与数理统计-第二版-课后题-OCR.md	probability/资料文本/概率论与数理统计-第二版-课后题-OCR.md	80384	a7bb1a04a53ecbbaf0aa9d3912560b2c9e10f321135b17eae5b2a3f3079512f4	6fdaecb4d87e3d48b51342b01f802fc1d95947532a7b82744f00e22c7d2a6c51	全文读取		文本路径/状态/安全修订
probability/资料文本/第二版课后题-页码与题组地图.md	probability/资料文本/第二版课后题-页码与题组地图.md	2504	1f09f3c6e9dbcb6f795f2e5e57d5788df5a087ed43832c333bb31efeed0e1856	adde2db56fde4b0a578c5f1c525022c34c112ecb8f89750c79a67cf4f74d1980	全文读取		文本路径/状态/安全修订
scripts/docx_preview_pdf.py	scripts/docx_preview_pdf.py	12842	581f3417c25aaf029770ce7f2c8ecedb3d83a7bc7970a7b3cbddbfb85a9e5b24	581f3417c25aaf029770ce7f2c8ecedb3d83a7bc7970a7b3cbddbfb85a9e5b24	全文读取；AST语法通过		原字节保留
scripts/generate_mechanics_homework_20260922.py	scripts/generate_mechanics_homework_20260922.py	11395	2dd79b71ab90e852ca0bf00e57c634e5330ce9c7f46eb9a107d4a0ac06cf9f9a	2dd79b71ab90e852ca0bf00e57c634e5330ce9c7f46eb9a107d4a0ac06cf9f9a	全文读取；AST语法通过		原字节保留
scripts/generate_mechanics_homework_20260929.py	scripts/generate_mechanics_homework_20260929.py	20980	c922b26359eb1face52edd473dd448d8c59101f0e3201bad78ff58f7798a42ad	c922b26359eb1face52edd473dd448d8c59101f0e3201bad78ff58f7798a42ad	全文读取；AST语法通过		原字节保留
scripts/verify_mechanics_homework_20260922.py	scripts/verify_mechanics_homework_20260922.py	4597	f1ffe0347f5a8b1a66b67cd70ef58b0e95e225650d2aa05c9a984bb33738e3f2	f1ffe0347f5a8b1a66b67cd70ef58b0e95e225650d2aa05c9a984bb33738e3f2	全文读取；AST语法通过		原字节保留
scripts/verify_mechanics_homework_20260929.py	scripts/verify_mechanics_homework_20260929.py	12664	f4c5ee586ea99fb4b0f0ccd7ca0405b1927b07409b04d81b078254ae61bbfb0e	f4c5ee586ea99fb4b0f0ccd7ca0405b1927b07409b04d81b078254ae61bbfb0e	全文读取；AST语法通过		原字节保留
人工智能基础与应用/老师的课件/1-人工智能基础方法与应用-通识课-绪论.pdf	人工智能基础与应用/资料原件/老师的课件/1-人工智能基础方法与应用-通识课-绪论.pdf	9165414	1b192d74fda88f9ef0492aca45e38a8b69956134ed0e1ccc86c67fae9dc2eb52	1b192d74fda88f9ef0492aca45e38a8b69956134ed0e1ccc86c67fae9dc2eb52	全页文本提取；非逐页目视	119	原字节保留
人工智能基础与应用/老师的课件/2-人工智能基础方法与应用-通识课-知识表示.pdf	人工智能基础与应用/资料原件/老师的课件/2-人工智能基础方法与应用-通识课-知识表示.pdf	9358635	7f5b36610add23635029a24ef2b32ac6c971a7e8bb67383eb35df316c2b77f71	7f5b36610add23635029a24ef2b32ac6c971a7e8bb67383eb35df316c2b77f71	全页文本提取；非逐页目视	77	原字节保留
人工智能基础与应用/老师的课件/3-人工智能基础方法与应用-通识课-搜索求解.pdf	人工智能基础与应用/资料原件/老师的课件/3-人工智能基础方法与应用-通识课-搜索求解.pdf	5625122	1e1add761541db90bd715e9f0510e19871e4fba89c779899984c4c98252a555a	1e1add761541db90bd715e9f0510e19871e4fba89c779899984c4c98252a555a	全页文本提取；非逐页目视	63	原字节保留
大化大作业/孙承泽-1.0版/Memory.md	大化大作业/孙承泽-1.0版/Memory.md	19894	02d84371690c6052a0b42304561dbf6865c9a547e5c977fdf49ed59cd673fd6a	02d84371690c6052a0b42304561dbf6865c9a547e5c977fdf49ed59cd673fd6a	全文读取		原字节保留
大化大作业/孙承泽-1.0版/初始提示词.md	大化大作业/孙承泽-1.0版/初始提示词.md	4644	087d6aa7acbb604084181b48a7888b3c337e25a6c823adfed8068ec4f2a0353f	087d6aa7acbb604084181b48a7888b3c337e25a6c823adfed8068ec4f2a0353f	全文读取		原字节保留
大化大作业/孙承泽-1.0版/学习与协作记录.md	大化大作业/孙承泽-1.0版/学习与协作记录.md	8416	c24e248b0951bab37db54345cfd2838f2a96b47217dc926c7d8386ac3df1299a	c24e248b0951bab37db54345cfd2838f2a96b47217dc926c7d8386ac3df1299a	全文读取		原字节保留
大化大作业/孙承泽-1.0版/来源与证据.md	大化大作业/孙承泽-1.0版/来源与证据.md	5684	e9d93986ceca26157f1e34dbb5375a907e93b92059f29edfb8e2ef00944232f3	e9d93986ceca26157f1e34dbb5375a907e93b92059f29edfb8e2ef00944232f3	全文读取		原字节保留
大化大作业/孙承泽-1.0版/铜离子电浓差池.mp4	大化大作业/孙承泽-1.0版/铜离子电浓差池.mp4	14360833	87c73f9176ff1d7873d4d90050ad230d95d9a13e32c9a0f85b2578c0c051c76f	87c73f9176ff1d7873d4d90050ad230d95d9a13e32c9a0f85b2578c0c051c76f	视频原件保留；待播放验收		原字节保留
大化大作业/能斯特方程_差还是比.pptx	大化大作业/能斯特方程_差还是比.pptx	50776230	c6a4429fb20fb918f34c4e5e046cf2c7792de19244a9ceadb2555eabf5ba6c28	c6a4429fb20fb918f34c4e5e046cf2c7792de19244a9ceadb2555eabf5ba6c28	ZIP完整性及正文/幻灯片/备注提取	62	原字节保留
大学化学/README.md	大学化学/README.md	4702	599ab45facc6f2391449c26808cc6a908d2ef8175df730430fc542ec6972da3c	4aa4d3d8808597d9f1f37eef4c4939dd7191909338b0d0af3d5602aa112af33f	全文读取		文本路径/状态/安全修订
大学化学/memory/HANDOFF.md	大学化学/memory/HANDOFF.md	16735	50c892fd8b238fa427a39d70331858a5183b4e7328aa4d05191f58ed10a8daef	ba98c8837ec2b9feb4e82356ada5c2ebcb67ea63547b29f3569d1bb67821e1ee	全文读取		文本路径/状态/安全修订
大学化学/memory/PROGRESS.md	大学化学/memory/PROGRESS.md	2242	8700f3dcf818afb5867f7c8f0d91589140b30c027b37fe6f6e4d8a6a3f7c9151	6ca8d75f34b20aa6f975ba97dc6e9957dbeca2c2d3750de9601968d47ff1a073	全文读取		文本路径/状态/安全修订
大学化学/课程作业/build_hydrogen_bond_ppt.py	大学化学/课程作业/build_hydrogen_bond_ppt.py	14941	88f560877aef014c9576e01df320b4b89679f61d717c5d191892c75410a10f03	88f560877aef014c9576e01df320b4b89679f61d717c5d191892c75410a10f03	全文读取；AST语法通过		原字节保留
大学化学/课程作业/氢键-学习对话与演讲稿.md	大学化学/课程作业/氢键-学习对话与演讲稿.md	10853	2be55e255be939212110f0beddd8cbbb755c21501dad60d59ec7dbccbfcc3535	7713cea1722a2a18b8c54b026a1529fe4b40bac500d680ae50b95d13743d152e	全文读取		文本路径/状态/安全修订
大学化学/课程作业/能斯特方程-分享方案与红队审查.md	大学化学/课程作业/能斯特方程-分享方案与红队审查.md	21986	037cb74b95318cde7668200b4debd1b0461e08ec7623ca2a6224e924f7110a63	f346e4a8300bdbb88be7d8b2a63cc42a9286a16e482790d5e2b59e2a0609aef4	全文读取		文本路径/状态/安全修订
大学化学/课程作业/课程作业-氢键如何塑造水与生命.pptx	大学化学/课程作业/课程作业-氢键如何塑造水与生命.pptx	50074	99fa45a90b11d75588c750a1d80234b1884990969d621c6fb74af225fa8fe678	99fa45a90b11d75588c750a1d80234b1884990969d621c6fb74af225fa8fe678	ZIP完整性及正文/幻灯片/备注提取	9	原字节保留
大学物理/期中复习/大学物理期中_12-15次作业图文精析_孙承泽_2253710052.docx	大学物理/资料原件/用户上传-2026-10-05/大学物理期中_12-15次作业图文精析_孙承泽_2253710052.docx	4105232	2b817d9cc7cb10218223f17bee4b6b0066fdff960f069a6fede43ed3fb62c2f8	2b817d9cc7cb10218223f17bee4b6b0066fdff960f069a6fede43ed3fb62c2f8	ZIP完整性及正文/幻灯片/备注提取	1	原字节保留
大学物理/期末复习/hhh.md	大学物理/期末复习/hhh.md	2	4355a46b19d348dc2f57c046f8ef63d4538ebb936000f3c9ee954a27460dd865		全文读取		删除已确认缓存或占位
大学物理/期末复习/十六 十七 十八.pdf	大学物理/资料原件/十六 十七 十八.pdf	5138444	bd7a77c44531d0251d939f124221dcdec92b96cf3b418c13c21b4eab5db4f2f5	bd7a77c44531d0251d939f124221dcdec92b96cf3b418c13c21b4eab5db4f2f5	全页文本提取；非逐页目视	16	原字节保留
工程力学-合并/icourse163_dl/.gitignore	工程力学/课程资源/理论力学MOOC/.gitignore	464	5dfbe8802b105ee80a0298c0edeab9945651a589d39d826ef31aa8490e91e154	5dfbe8802b105ee80a0298c0edeab9945651a589d39d826ef31aa8490e91e154	全文读取		原字节保留
工程力学-合并/icourse163_dl/README.md	工程力学/课程资源/理论力学MOOC/README.md	11964	14dcf0857b7cc19372846c525e5f4e6d1997b00945cdaf289ef4df1190a50eb6	14dcf0857b7cc19372846c525e5f4e6d1997b00945cdaf289ef4df1190a50eb6	全文读取		原字节保留
工程力学-合并/icourse163_dl/build_mindmap.py	工程力学/课程资源/理论力学MOOC/build_mindmap.py	16987	d2a31be990c1b015243bd305caf6d0ad50242a699087cec0e449556450b91a4d	d2a31be990c1b015243bd305caf6d0ad50242a699087cec0e449556450b91a4d	全文读取；AST语法通过		原字节保留
工程力学-合并/icourse163_dl/corpus.json	工程力学/课程资源/理论力学MOOC/corpus.json	178458	0ed28675847883fb4f5a976d742aba0f31bda4fbbbd8d4ebc90794cfb88d5b99	0ed28675847883fb4f5a976d742aba0f31bda4fbbbd8d4ebc90794cfb88d5b99	全文读取；JSON解析通过		原字节保留
工程力学-合并/icourse163_dl/corpus_clean.json	工程力学/课程资源/理论力学MOOC/corpus_clean.json	86018	96092a9ed912348379eaf04437325a88c1fd0bad7c000c563165e7d9f107b71a	96092a9ed912348379eaf04437325a88c1fd0bad7c000c563165e7d9f107b71a	全文读取；JSON解析通过		原字节保留
工程力学-合并/icourse163_dl/corpus_clean.txt	工程力学/课程资源/理论力学MOOC/corpus_clean.txt	65533	d0f3b683cb9e02ccbfcd92ceeef478c52dc1efb372936ad962fd7ae1ae1874cb	d0f3b683cb9e02ccbfcd92ceeef478c52dc1efb372936ad962fd7ae1ae1874cb	全文读取		原字节保留
工程力学-合并/icourse163_dl/dl.py	工程力学/课程资源/理论力学MOOC/dl.py	7968	0bcbe2bb93c348f88620eda2fbdbf983c9c58c5ca9460833f6001682355c6947	0bcbe2bb93c348f88620eda2fbdbf983c9c58c5ca9460833f6001682355c6947	全文读取；AST语法通过		原字节保留
工程力学-合并/icourse163_dl/downloads/理论力学/01 绪论/01 绪论/绪论.pdf	工程力学/课程资源/理论力学MOOC/downloads/理论力学/01 绪论/01 绪论/绪论.pdf	1458619	5d29c1af4b1ec4ac95c61f14868f0be5fcb918b58594a86b69f46858b1332fa1	5d29c1af4b1ec4ac95c61f14868f0be5fcb918b58594a86b69f46858b1332fa1	全页文本提取；非逐页目视	14	原字节保留
工程力学-合并/icourse163_dl/downloads/理论力学/02 第1章：几何静力学/01 1-1静力学公理/1.1静力学基础.pdf	工程力学/课程资源/理论力学MOOC/downloads/理论力学/02 第1章：几何静力学/01 1-1静力学公理/1.1静力学基础.pdf	735894	0044b20db8a1c816ec63446dacb57ffdf47c5343dfc3a9860836896f1f811982	0044b20db8a1c816ec63446dacb57ffdf47c5343dfc3a9860836896f1f811982	全页文本提取；非逐页目视	13	原字节保留
工程力学-合并/icourse163_dl/downloads/理论力学/02 第1章：几何静力学/02 1-2力系的简化/1.2.1力和力偶.pdf	工程力学/课程资源/理论力学MOOC/downloads/理论力学/02 第1章：几何静力学/02 1-2力系的简化/1.2.1力和力偶.pdf	932116	5267cc30c668098339894d92e83a65782ffb9f34197aa70b4e2dd416a4c20b82	5267cc30c668098339894d92e83a65782ffb9f34197aa70b4e2dd416a4c20b82	全页文本提取；非逐页目视	19	原字节保留
工程力学-合并/icourse163_dl/downloads/理论力学/02 第1章：几何静力学/02 1-2力系的简化/1.2.2特殊力系的简化.pdf	工程力学/课程资源/理论力学MOOC/downloads/理论力学/02 第1章：几何静力学/02 1-2力系的简化/1.2.2特殊力系的简化.pdf	1027967	f90186495469bd9479ff981be12efe5bc1c1a436330da9a8dca084f6e3a38f0f	f90186495469bd9479ff981be12efe5bc1c1a436330da9a8dca084f6e3a38f0f	全页文本提取；非逐页目视	19	原字节保留
工程力学-合并/icourse163_dl/downloads/理论力学/02 第1章：几何静力学/02 1-2力系的简化/1.2.3力的平移定理.pdf	工程力学/课程资源/理论力学MOOC/downloads/理论力学/02 第1章：几何静力学/02 1-2力系的简化/1.2.3力的平移定理.pdf	730597	4dfe00cbe1dfd425c33ddb0a15e81e0c3b6998481008491c28dc475fc7b56636	4dfe00cbe1dfd425c33ddb0a15e81e0c3b6998481008491c28dc475fc7b56636	全页文本提取；非逐页目视	6	原字节保留
工程力学-合并/icourse163_dl/downloads/理论力学/02 第1章：几何静力学/02 1-2力系的简化/1.2.4空间任意力系的简化.pdf	工程力学/课程资源/理论力学MOOC/downloads/理论力学/02 第1章：几何静力学/02 1-2力系的简化/1.2.4空间任意力系的简化.pdf	852103	1ad50a709d6186a408be25b197f6d6126a712d4315d37dfef3f5d36bd3850015	1ad50a709d6186a408be25b197f6d6126a712d4315d37dfef3f5d36bd3850015	全页文本提取；非逐页目视	16	原字节保留
工程力学-合并/icourse163_dl/downloads/理论力学/02 第1章：几何静力学/03 1-3约束与受力分析/1.3.1常见约束及其约束力.pdf	工程力学/课程资源/理论力学MOOC/downloads/理论力学/02 第1章：几何静力学/03 1-3约束与受力分析/1.3.1常见约束及其约束力.pdf	1458905	4cc7afda9ee85916845806d18732d03a20ce09945d9b2f7f98beada3ea8649cd	4cc7afda9ee85916845806d18732d03a20ce09945d9b2f7f98beada3ea8649cd	全页文本提取；非逐页目视	21	原字节保留
工程力学-合并/icourse163_dl/downloads/理论力学/02 第1章：几何静力学/03 1-3约束与受力分析/1.3.2受力分析.pdf	工程力学/课程资源/理论力学MOOC/downloads/理论力学/02 第1章：几何静力学/03 1-3约束与受力分析/1.3.2受力分析.pdf	626633	00534846c1dfe25c6e8b96f43832a7513aaff84c953c2b08a4bcd5a78c1239d9	00534846c1dfe25c6e8b96f43832a7513aaff84c953c2b08a4bcd5a78c1239d9	全页文本提取；非逐页目视	12	原字节保留
工程力学-合并/icourse163_dl/downloads/理论力学/02 第1章：几何静力学/04 1-4力系的平衡/1.4.1平面力系的平衡方程.pdf	工程力学/课程资源/理论力学MOOC/downloads/理论力学/02 第1章：几何静力学/04 1-4力系的平衡/1.4.1平面力系的平衡方程.pdf	978983	c0146abc7d5643a646bfb8ba5d29014c1ce85861b425d6dc88f3bdbddebfeb8d	c0146abc7d5643a646bfb8ba5d29014c1ce85861b425d6dc88f3bdbddebfeb8d	全页文本提取；非逐页目视	13	原字节保留
工程力学-合并/icourse163_dl/downloads/理论力学/02 第1章：几何静力学/04 1-4力系的平衡/1.4.2空间力系.pdf	工程力学/课程资源/理论力学MOOC/downloads/理论力学/02 第1章：几何静力学/04 1-4力系的平衡/1.4.2空间力系.pdf	509683	29861a473afa1150e1b04dcda38464f46aab4e11b799b5d198ea0b96cf19af2b	29861a473afa1150e1b04dcda38464f46aab4e11b799b5d198ea0b96cf19af2b	全页文本提取；非逐页目视	9	原字节保留
工程力学-合并/icourse163_dl/downloads/理论力学/02 第1章：几何静力学/04 1-4力系的平衡/1.4.3刚体系的平衡问题.pdf	工程力学/课程资源/理论力学MOOC/downloads/理论力学/02 第1章：几何静力学/04 1-4力系的平衡/1.4.3刚体系的平衡问题.pdf	1192744	d9a635ae5ec6b36e4933c3c1a4bf67205fa8f7fdbb97858bce8b975548fbf76f	d9a635ae5ec6b36e4933c3c1a4bf67205fa8f7fdbb97858bce8b975548fbf76f	全页文本提取；非逐页目视	16	原字节保留
工程力学-合并/icourse163_dl/downloads/理论力学/02 第1章：几何静力学/04 1-4力系的平衡/1.4.4平面桁架内力计算.pdf	工程力学/课程资源/理论力学MOOC/downloads/理论力学/02 第1章：几何静力学/04 1-4力系的平衡/1.4.4平面桁架内力计算.pdf	1736533	c6862069d14ee907133e9f7d6bb60079c0840c6cb72a6ae1a32eeb22209b25a5	c6862069d14ee907133e9f7d6bb60079c0840c6cb72a6ae1a32eeb22209b25a5	全页文本提取；非逐页目视	16	原字节保留
工程力学-合并/icourse163_dl/downloads/理论力学/02 第1章：几何静力学/05 1-5考虑摩擦的平衡问题/1.4.5摩擦与自锁.pdf	工程力学/课程资源/理论力学MOOC/downloads/理论力学/02 第1章：几何静力学/05 1-5考虑摩擦的平衡问题/1.4.5摩擦与自锁.pdf	1687704	ab6ae6f5cd371c50e69eca907b557f4d0aa4305035696677df7cdcf8ba0a57de	ab6ae6f5cd371c50e69eca907b557f4d0aa4305035696677df7cdcf8ba0a57de	全页文本提取；非逐页目视	23	原字节保留
工程力学-合并/icourse163_dl/downloads/理论力学/02 第1章：几何静力学/05 1-5考虑摩擦的平衡问题/1.4.6考虑摩擦的平衡问题.pdf	工程力学/课程资源/理论力学MOOC/downloads/理论力学/02 第1章：几何静力学/05 1-5考虑摩擦的平衡问题/1.4.6考虑摩擦的平衡问题.pdf	768845	cefeef2f837140fc3629439d90c7798c105fc50940ffa4b45e0a376b64c35faa	cefeef2f837140fc3629439d90c7798c105fc50940ffa4b45e0a376b64c35faa	全页文本提取；非逐页目视	12	原字节保留
工程力学-合并/icourse163_dl/downloads/理论力学/03 第2章：运动学基础/01 2-1 点的运动/2.1运动学基础-点的运动.pdf	工程力学/课程资源/理论力学MOOC/downloads/理论力学/03 第2章：运动学基础/01 2-1 点的运动/2.1运动学基础-点的运动.pdf	1599450	33dbff1bc677d2a4f26225cf70537a1d87da43453e6d4d0b6b9fdedbd36d298b	33dbff1bc677d2a4f26225cf70537a1d87da43453e6d4d0b6b9fdedbd36d298b	全页文本提取；非逐页目视	17	原字节保留
工程力学-合并/icourse163_dl/downloads/理论力学/03 第2章：运动学基础/02 2-2 刚体的基本运动/2.2运动学基础-刚体的运动.pdf	工程力学/课程资源/理论力学MOOC/downloads/理论力学/03 第2章：运动学基础/02 2-2 刚体的基本运动/2.2运动学基础-刚体的运动.pdf	960476	e8f13914aa20ff7cceed7af8cc63988417137d0db8b599d984e8a95b4a7831bc	e8f13914aa20ff7cceed7af8cc63988417137d0db8b599d984e8a95b4a7831bc	全页文本提取；非逐页目视	14	原字节保留
工程力学-合并/icourse163_dl/downloads/理论力学/04 第3章：点的复合运动/01 3-1复合运动基本概念/3.1.1点复合运动的概念.pdf	工程力学/课程资源/理论力学MOOC/downloads/理论力学/04 第3章：点的复合运动/01 3-1复合运动基本概念/3.1.1点复合运动的概念.pdf	1533354	7df6c477051bb4530cb0ca40895556431f2b65d7d43bf7dbc43ce44582157072	7df6c477051bb4530cb0ca40895556431f2b65d7d43bf7dbc43ce44582157072	全页文本提取；非逐页目视	11	原字节保留
工程力学-合并/icourse163_dl/downloads/理论力学/04 第3章：点的复合运动/01 3-1复合运动基本概念/3.1.2点复合运动动点动系确定.pdf	工程力学/课程资源/理论力学MOOC/downloads/理论力学/04 第3章：点的复合运动/01 3-1复合运动基本概念/3.1.2点复合运动动点动系确定.pdf	1452087	b6d40aa6a11b8af9f1fb5105f5a74e23155927917ae46544321d716527c3f74f	b6d40aa6a11b8af9f1fb5105f5a74e23155927917ae46544321d716527c3f74f	全页文本提取；非逐页目视	13	原字节保留
工程力学-合并/icourse163_dl/downloads/理论力学/04 第3章：点的复合运动/01 3-1复合运动基本概念/3.1.3点复合运动牵连点确定.pdf	工程力学/课程资源/理论力学MOOC/downloads/理论力学/04 第3章：点的复合运动/01 3-1复合运动基本概念/3.1.3点复合运动牵连点确定.pdf	847588	aa957a8505e67a8fc324365eaeff677b3d1610e7e2ca735beb19f0a0dd647bb7	aa957a8505e67a8fc324365eaeff677b3d1610e7e2ca735beb19f0a0dd647bb7	全页文本提取；非逐页目视	13	原字节保留
工程力学-合并/icourse163_dl/downloads/理论力学/04 第3章：点的复合运动/02 3-2点的速度合成定理/3.2点复合运动-速度分析.pdf	工程力学/课程资源/理论力学MOOC/downloads/理论力学/04 第3章：点的复合运动/02 3-2点的速度合成定理/3.2点复合运动-速度分析.pdf	556252	256634295a4d1a148ff81772f9adfb57065818af6d97efe2c945f43b20c54339	256634295a4d1a148ff81772f9adfb57065818af6d97efe2c945f43b20c54339	全页文本提取；非逐页目视	11	原字节保留
工程力学-合并/icourse163_dl/downloads/理论力学/04 第3章：点的复合运动/03 3-3点的加速度合成定理/3.3.1点复合运动-加速度分析.pdf	工程力学/课程资源/理论力学MOOC/downloads/理论力学/04 第3章：点的复合运动/03 3-3点的加速度合成定理/3.3.1点复合运动-加速度分析.pdf	1194112	32601907d4bbbbf376ba90a7f96d742384a233c50d1f35e55cdce1a04912a6a1	32601907d4bbbbf376ba90a7f96d742384a233c50d1f35e55cdce1a04912a6a1	全页文本提取；非逐页目视	20	原字节保留
工程力学-合并/icourse163_dl/downloads/理论力学/04 第3章：点的复合运动/03 3-3点的加速度合成定理/3.3.2点复合运动-科氏加速度分析.pdf	工程力学/课程资源/理论力学MOOC/downloads/理论力学/04 第3章：点的复合运动/03 3-3点的加速度合成定理/3.3.2点复合运动-科氏加速度分析.pdf	1113331	95d35fc15c38430c16f6ee4feb928d789f8767cfde1badf0bddd867503096c1c	95d35fc15c38430c16f6ee4feb928d789f8767cfde1badf0bddd867503096c1c	全页文本提取；非逐页目视	17	原字节保留
工程力学-合并/icourse163_dl/downloads/理论力学/05 动力学专题/01 碰撞/碰撞.pdf	工程力学/课程资源/理论力学MOOC/downloads/理论力学/05 动力学专题/01 碰撞/碰撞.pdf	686938	272faeba984477f56ef057eeb77f27c3b786ac4b23a7542d9452698c15871c92	272faeba984477f56ef057eeb77f27c3b786ac4b23a7542d9452698c15871c92	全页文本提取；非逐页目视	14	原字节保留
工程力学-合并/icourse163_dl/extract_text.py	工程力学/课程资源/理论力学MOOC/extract_text.py	1253	fd6872170ba2107d8bf3fb3cbd26b1bc58e234158e391e1bbef3056a80709077	fd6872170ba2107d8bf3fb3cbd26b1bc58e234158e391e1bbef3056a80709077	全文读取；AST语法通过		原字节保留
工程力学-合并/icourse163_dl/manifest.csv	工程力学/课程资源/理论力学MOOC/manifest.csv	9273	ba9f8a894abe6fec511c2850dc61324b2136ca88d5db18ab67d23926be7fda15	ba9f8a894abe6fec511c2850dc61324b2136ca88d5db18ab67d23926be7fda15	全文读取		原字节保留
工程力学-合并/icourse163_dl/merge_by_chapter.py	工程力学/课程资源/理论力学MOOC/merge_by_chapter.py	5386	31bfae43b0ab8810c532e2a07ed51b39c15aa7746ca19068c513596e0b617177	31bfae43b0ab8810c532e2a07ed51b39c15aa7746ca19068c513596e0b617177	全文读取；AST语法通过		原字节保留
工程力学-合并/icourse163_dl/mindmap_data.py	工程力学/课程资源/理论力学MOOC/mindmap_data.py	43378	67a31e21ec3ccfda36b12c21ba8b20ae9fff911c9b7d4454f5e710c0eba64ed0	67a31e21ec3ccfda36b12c21ba8b20ae9fff911c9b7d4454f5e710c0eba64ed0	全文读取；AST语法通过		原字节保留
工程力学-合并/icourse163_dl/term_tree.json	工程力学/课程资源/理论力学MOOC/term_tree.json	68449	0f6436b12b2be04eddc53696c41908f1cf7775572d83abfeaba1ac5c2a0dfff6	0f6436b12b2be04eddc53696c41908f1cf7775572d83abfeaba1ac5c2a0dfff6	全文读取；JSON解析通过		原字节保留
工程力学-合并/icourse163_dl/按章节合并/01 绪论.pdf	工程力学/课程资源/理论力学MOOC/按章节合并/01 绪论.pdf	1450044	3f8ae70c93b1571c678eab4d61aa37aaa71abdfb809c198b7782dbbeae416814	3f8ae70c93b1571c678eab4d61aa37aaa71abdfb809c198b7782dbbeae416814	全页文本提取；非逐页目视	14	原字节保留
工程力学-合并/icourse163_dl/按章节合并/02 第1章 几何静力学.pdf	工程力学/课程资源/理论力学MOOC/按章节合并/02 第1章 几何静力学.pdf	12922020	5d51d4e6ef3172b8f556eaccf7dabda574c6360060ae2ef59508b006b508521e	5d51d4e6ef3172b8f556eaccf7dabda574c6360060ae2ef59508b006b508521e	全页文本提取；非逐页目视	195	原字节保留
工程力学-合并/icourse163_dl/按章节合并/03 第2章 运动学基础.pdf	工程力学/课程资源/理论力学MOOC/按章节合并/03 第2章 运动学基础.pdf	2524024	12c5d567174f2124928a0129c6d6d7a973f0dca12b6e1d1a3592bb65ceed8538	12c5d567174f2124928a0129c6d6d7a973f0dca12b6e1d1a3592bb65ceed8538	全页文本提取；非逐页目视	31	原字节保留
工程力学-合并/icourse163_dl/按章节合并/04 第3章 点的复合运动.pdf	工程力学/课程资源/理论力学MOOC/按章节合并/04 第3章 点的复合运动.pdf	6593740	50165ca790b8d7aa7331f0b7d66252a1162d09d340a87fa58b875e2aa8106d06	50165ca790b8d7aa7331f0b7d66252a1162d09d340a87fa58b875e2aa8106d06	全页文本提取；非逐页目视	85	原字节保留
工程力学-合并/icourse163_dl/按章节合并/05 动力学专题.pdf	工程力学/课程资源/理论力学MOOC/按章节合并/05 动力学专题.pdf	663502	b10eecf8110a2990d2b33b0e6fb52143d35bbcd7922d6328938bdb7e9433b744	b10eecf8110a2990d2b33b0e6fb52143d35bbcd7922d6328938bdb7e9433b744	全页文本提取；非逐页目视	14	原字节保留
工程力学-合并/icourse163_dl/按章节合并/_合并对照表.csv	工程力学/课程资源/理论力学MOOC/按章节合并/_合并对照表.csv	2798	ff4b00aff5c9aaf1146ff51f01cca3fa7c3163db597a67795942e46351d92460	ff4b00aff5c9aaf1146ff51f01cca3fa7c3163db597a67795942e46351d92460	全文读取		原字节保留
工程力学-合并/icourse163_dl/理论力学-练习题(第1轮).html	工程力学/课程资源/理论力学MOOC/理论力学-练习题(第1轮).html	48389	4133c652ee18071771a28e54476b49b85b365bc53219c565f52b58d83252a4a0	4133c652ee18071771a28e54476b49b85b365bc53219c565f52b58d83252a4a0	全文读取		原字节保留
工程力学-合并/icourse163_dl/理论力学知识地图.html	工程力学/课程资源/理论力学MOOC/理论力学知识地图.html	57039	b5575afde54850a4c03cc370e19d5bbcf7cd0d18753cda7e49e68aef33944126	b5575afde54850a4c03cc370e19d5bbcf7cd0d18753cda7e49e68aef33944126	全文读取		原字节保留
工程力学/README.md	工程力学/README.md	1515	2c213eb9ec5f1213adbf5bec09baf09d3ef9113db97da3da80342e55e123cd18	330aad1eca1d40ebc3edd28ae48fd306f1932ef915ee173a05665e2237e62d80	全文读取		文本路径/状态/安全修订
工程力学/memory/ERRORS.md	工程力学/memory/ERRORS.md	14064	2802a4c122e593e134f8bce60c5150ed49e6f1b8c86f539d6f8743453557b9b8	2802a4c122e593e134f8bce60c5150ed49e6f1b8c86f539d6f8743453557b9b8	全文读取		原字节保留
工程力学/memory/HANDOFF.md	工程力学/memory/HANDOFF.md	38502	000c2f402fc62b8681d42fbd3550fc6f293047035812622857a2f3b878ac5a63	69e488407f0f7b682d6fa928965a145058fef87f126a1a9b95e52c1392be7088	全文读取		文本路径/状态/安全修订
工程力学/memory/LEARNINGS.md	工程力学/memory/LEARNINGS.md	7174	0d8f6ae48bce75d563723da24ce0652376903be328003fe29c726a505a8e63a2	0d8f6ae48bce75d563723da24ce0652376903be328003fe29c726a505a8e63a2	全文读取		原字节保留
工程力学/memory/PROGRESS.md	工程力学/memory/PROGRESS.md	11614	5ed35ce31bc5d10ec750b5678b97e5d6be4022c7f9c9c6260ef478e101065855	f976069a973bddf65e2fa74a9b5250e2cb5985e5deb8038be2d665d124c7fbf6	全文读取		文本路径/状态/安全修订
工程力学/作业/2026-09-18-作业/工程力学作业单（2-1、3-1、3-2）.preview.pdf	工程力学/作业/2026-09-18-作业/工程力学作业单（2-1、3-1、3-2）.preview.pdf	98236	fb3127411c065da713faefeec4f8032d9a93d19a445ba555c7a6e0a79888395d	fb3127411c065da713faefeec4f8032d9a93d19a445ba555c7a6e0a79888395d	全页文本提取；非逐页目视	1	原字节保留
工程力学/作业/2026-09-20-作业/工程力学作业单（2-2、2-7、题3）.preview.pdf	工程力学/作业/2026-09-20-作业/工程力学作业单（2-2、2-7、题3）.preview.pdf	125070	d3f674559cc7016d4133db27ffa1a189903b9700feb0eb8c0fd35f63bbc8faf6	d3f674559cc7016d4133db27ffa1a189903b9700feb0eb8c0fd35f63bbc8faf6	全页文本提取；非逐页目视	1	原字节保留
工程力学/作业/2026-09-29-作业/作业单.json	工程力学/作业/2026-09-29-作业/作业单.json	1019	2bf52bbd3f84b9349ea04422e630d7e53886ceff7a7555a225c4694f6c6bafda	2bf52bbd3f84b9349ea04422e630d7e53886ceff7a7555a225c4694f6c6bafda	全文读取；JSON解析通过		原字节保留
工程力学/作业/2026-09-29-作业/制作解答图-1-4.py	工程力学/作业/2026-09-29-作业/制作解答图-1-4.py	354	c754c66a9e92ae804ad5fe364c09025948552a58e19a289bf33a0fc6c6794d97	c754c66a9e92ae804ad5fe364c09025948552a58e19a289bf33a0fc6c6794d97	全文读取；AST语法通过		原字节保留
工程力学/作业/2026-09-29-作业/制作解答图.py	工程力学/作业/2026-09-29-作业/制作解答图.py	354	481a5defcd5f2a109ba54d4dcfda8e10e3cb68f4bd4270b6f67bae6868798f2f	481a5defcd5f2a109ba54d4dcfda8e10e3cb68f4bd4270b6f67bae6868798f2f	全文读取；AST语法通过		原字节保留
工程力学/作业/2026-09-29-作业/参考答案.md	工程力学/作业/2026-09-29-作业/参考答案.md	12119	07ffc1b5314b743092e883218fbb9a731fc8ffaaf6c4a31c4015cd8e04c826a5	07ffc1b5314b743092e883218fbb9a731fc8ffaaf6c4a31c4015cd8e04c826a5	全文读取		原字节保留
工程力学/作业/2026-09-29-作业/图/教材标注依据-例1-2.png	工程力学/作业/2026-09-29-作业/图/教材标注依据-例1-2.png	180010	b8a2f1a5384350899950fad9d807a8b57c585d74206e6f6341faba5131c2076c	b8a2f1a5384350899950fad9d807a8b57c585d74206e6f6341faba5131c2076c	图片解码完整性；非逐图语义验收		原字节保留
工程力学/作业/2026-09-29-作业/图/教材标注依据-例1-5.png	工程力学/作业/2026-09-29-作业/图/教材标注依据-例1-5.png	194035	c3adbd2cde6ea4816c9e59788c8fbb6a4914de564a618615a0b0d9ef6bfb7b68	c3adbd2cde6ea4816c9e59788c8fbb6a4914de564a618615a0b0d9ef6bfb7b68	图片解码完整性；非逐图语义验收		原字节保留
工程力学/作业/2026-09-29-作业/图/解答-1-4-a.png	工程力学/作业/2026-09-29-作业/图/解答-1-4-a.png	159635	14aa9955116c56ce06ab992a439de38fe0c5b30c31a53c0267a3c3dec77a1066	14aa9955116c56ce06ab992a439de38fe0c5b30c31a53c0267a3c3dec77a1066	图片解码完整性；非逐图语义验收		原字节保留
工程力学/作业/2026-09-29-作业/图/解答-1-4-b.png	工程力学/作业/2026-09-29-作业/图/解答-1-4-b.png	242894	be91cabe971146ec4006ee7488731b9d923013afbc20a68ee5f79f83b2579148	be91cabe971146ec4006ee7488731b9d923013afbc20a68ee5f79f83b2579148	图片解码完整性；非逐图语义验收		原字节保留
工程力学/作业/2026-09-29-作业/图/解答-1-4-c.png	工程力学/作业/2026-09-29-作业/图/解答-1-4-c.png	157741	2f644b9952743f67319553d5bba06f1cfe9384a60de9c8970c53bb09a0756ba5	2f644b9952743f67319553d5bba06f1cfe9384a60de9c8970c53bb09a0756ba5	图片解码完整性；非逐图语义验收		原字节保留
工程力学/作业/2026-09-29-作业/图/解答-1-4.png	工程力学/作业/2026-09-29-作业/图/解答-1-4.png	573708	a01e9d0234dab323cc3e6503c685d07a34a799260683956bd0c6bd36218ae658	a01e9d0234dab323cc3e6503c685d07a34a799260683956bd0c6bd36218ae658	图片解码完整性；非逐图语义验收		原字节保留
工程力学/作业/2026-09-29-作业/图/解答-3-6.png	工程力学/作业/2026-09-29-作业/图/解答-3-6.png	173630	61f628ed9e2dec2cc5054093dddb056069c276ee5eae5c3edb31b60eb22eddf4	61f628ed9e2dec2cc5054093dddb056069c276ee5eae5c3edb31b60eb22eddf4	图片解码完整性；非逐图语义验收		原字节保留
工程力学/作业/2026-09-29-作业/图/题1-4.png	工程力学/作业/2026-09-29-作业/图/题1-4.png	77312	166214b196268bc7d53cc7a57cb55d07285e30349d01450f74b63d5198e96ca5	166214b196268bc7d53cc7a57cb55d07285e30349d01450f74b63d5198e96ca5	图片解码完整性；非逐图语义验收		原字节保留
工程力学/作业/2026-09-29-作业/图/题3-6.png	工程力学/作业/2026-09-29-作业/图/题3-6.png	52283	ead42ec3019456be59b7ca2037389b1e4e5188ee360dfb16b06b7301ac123d6a	ead42ec3019456be59b7ca2037389b1e4e5188ee360dfb16b06b7301ac123d6a	图片解码完整性；非逐图语义验收		原字节保留
工程力学/作业/2026-09-29-作业/工程力学作业单（1-4、3-6）.docx	工程力学/作业/2026-09-29-作业/工程力学作业单（1-4、3-6）.docx	160658	f21f7dbbc23ba6a529ffbb57001a9b587a64f437af136f2fdbe63db3a4f4df96	f21f7dbbc23ba6a529ffbb57001a9b587a64f437af136f2fdbe63db3a4f4df96	ZIP完整性及正文/幻灯片/备注提取	1	原字节保留
工程力学/作业/2026-09-29-作业/工程力学作业单（1-4、3-6）.preview.pdf	工程力学/作业/2026-09-29-作业/工程力学作业单（1-4、3-6）.preview.pdf	121501	8cce2f88f7a3c62d6dedf5a8a556bebd5eddabd89521f03b5aa507650158fbe2	8cce2f88f7a3c62d6dedf5a8a556bebd5eddabd89521f03b5aa507650158fbe2	全页文本提取；非逐页目视	1	原字节保留
工程力学/作业/2026-09-29-作业/题面.md	工程力学/作业/2026-09-29-作业/题面.md	1466	d3bc415f763788c29c17d130ba41929a0e32d5d45affed1e5ffa48d5dd09aa39	d3bc415f763788c29c17d130ba41929a0e32d5d45affed1e5ffa48d5dd09aa39	全文读取		原字节保留
工程力学/作业/README.md	工程力学/作业/README.md	8815	00f6e7d4920d9616b5263bc93f5f045d5dc8b7ebf81b8c5e6c2364a53822a059	00f6e7d4920d9616b5263bc93f5f045d5dc8b7ebf81b8c5e6c2364a53822a059	全文读取		原字节保留
数物+复变/.sudo_as_admin_successful	数物+复变/.sudo_as_admin_successful	0	e3b0c44298fc1c149afbf4c8996fb92427ae41e4649b934ca495991b7852b855		全文读取		删除已确认缓存或占位
数物+复变/icourse/VIDEOPLAYER_a7718dbce0f38d36548068efb672bcf6.js	scripts/icourse/VIDEOPLAYER_a7718dbce0f38d36548068efb672bcf6.js	580217	6c02ea1a27f82560e5037f79e9d83e61e35a8ff3432475aa9e5ea5635adb3e87	6c02ea1a27f82560e5037f79e9d83e61e35a8ff3432475aa9e5ea5635adb3e87	全文读取		原字节保留
数物+复变/icourse/bootstrap.js	scripts/icourse/bootstrap.js	64805	cd12b70ebf4a8ea3ee6e799fed3ad14b06c9aa46c934a87777d88fead00353db	cd12b70ebf4a8ea3ee6e799fed3ad14b06c9aa46c934a87777d88fead00353db	全文读取		原字节保留
数物+复变/icourse/browser_probe.py	scripts/icourse/browser_probe.py	1901	2c4c7ee7c1979cd96fe3bee6b8587d1f1dd358dd77a170c902e81d27f4bd8c44	2c4c7ee7c1979cd96fe3bee6b8587d1f1dd358dd77a170c902e81d27f4bd8c44	全文读取；AST语法通过		原字节保留
数物+复变/icourse/browser_probe2.py	scripts/icourse/browser_probe2.py	2134	adfffa9bd027f1de459e867a20a7a63b7ca38e848c90e63c238e8e65698d8d02	adfffa9bd027f1de459e867a20a7a63b7ca38e848c90e63c238e8e65698d8d02	全文读取；AST语法通过		原字节保留
数物+复变/icourse/browser_probe3.py	scripts/icourse/browser_probe3.py	2465	8d4749ced323dff7b9518cf062e285824774be584103c9b5cb1beb55c70cf408	8d4749ced323dff7b9518cf062e285824774be584103c9b5cb1beb55c70cf408	全文读取；AST语法通过		原字节保留
数物+复变/icourse/browser_state.py	scripts/icourse/browser_state.py	1064	3f45d65bc382f369e3e50c228cc934db988f7a7f4a5b8d53abc42017c3277e31	3f45d65bc382f369e3e50c228cc934db988f7a7f4a5b8d53abc42017c3277e31	全文读取；AST语法通过		原字节保留
数物+复变/icourse/common.py	scripts/icourse/common.py	1992	641b5dfdb127d5f0f624fccf6d44d4b2ec0ce28a56992b57b97248ae035708bd	3e9f85a6cdc0d1b372cff53dbcfd48d3917c6831681b0c4abcf030ebeebbdb13	全文读取；AST语法通过		文本路径/状态/安全修订
数物+复变/icourse/core_210ab52d6feda6bfdd39c5f6c8b03fb4.js	scripts/icourse/core_210ab52d6feda6bfdd39c5f6c8b03fb4.js	2266120	d0d93a6ae0c8c5a23531167fd3f86848e9ba62cd2dc16518ca421c5a8e4aefab	d0d93a6ae0c8c5a23531167fd3f86848e9ba62cd2dc16518ca421c5a8e4aefab	全文读取		原字节保留
数物+复变/icourse/dom_texts.json	scripts/icourse/dom_texts.json	5161	dba8f7503db14b3d53781a5cf0650f8bc06e19b7babd13744a9d9c05cbe0f340	dba8f7503db14b3d53781a5cf0650f8bc06e19b7babd13744a9d9c05cbe0f340	全文读取；JSON解析通过		原字节保留
数物+复变/icourse/download_all.py	scripts/icourse/download_all.py	3142	516e0767f8ce5fabf8f47c6c68a45ceb91582656dca0eba551bf2e60eae728ba	62f25e4dd3f6d086d25abf1f3190e053a8c7afa249c84ae2cecae0fa0be78a03	全文读取；AST语法通过		文本路径/状态/安全修订
数物+复变/icourse/download_index.json	scripts/icourse/download_index.json	31357	be04454adb72d232a2dcb61bf0774b21e37dbdaa8e9fd31a47ac325cae46c6ce	be04454adb72d232a2dcb61bf0774b21e37dbdaa8e9fd31a47ac325cae46c6ce	全文读取；JSON解析通过		原字节保留
数物+复变/icourse/download_index_xjtu.json	scripts/icourse/download_index_xjtu.json	20318	e629eb7c52c5e3d0f14b0cdac9d544d7bacee8c745ec7af3f957336fdc76299e	e629eb7c52c5e3d0f14b0cdac9d544d7bacee8c745ec7af3f957336fdc76299e	全文读取；JSON解析通过		原字节保留
数物+复变/icourse/download_xjtu.py	scripts/icourse/download_xjtu.py	3101	b82047a4f9003b48f3d0b37459955e0ca8379b68cc75e7db72b4cd638a6dd90e	c2f364e18cbacaefc017cc580f848d4c301db4bd2e082953d9a5e7273e171263	全文读取；AST语法通过		文本路径/状态/安全修订
数物+复变/icourse/explore.py	scripts/icourse/explore.py	1184	2bbf42d214b0e3f5ba89160ba548c0e352650044ef49f9e94641fa2510a48e8e	a7098e0701efb394224e5f75a3f13aad6339eb1d502bd2ce78172f08e483f571	全文读取；AST语法通过		文本路径/状态/安全修订
数物+复变/icourse/explore2.py	scripts/icourse/explore2.py	788	027e980b795835380c5f57f86fde72e2c397c7ee9fd33ab645ff8510ddd942f2	2882b85a69b3bb0eef66d2d29797a1407731e4b3bf24e3caf68d30461ad4cfd1	全文读取；AST语法通过		文本路径/状态/安全修订
数物+复变/icourse/explore3.py	scripts/icourse/explore3.py	716	b1367fe3a40dae3e462de9b82f14a3d911190547bba01971509a2cb11ee8a20d	b1367fe3a40dae3e462de9b82f14a3d911190547bba01971509a2cb11ee8a20d	全文读取；AST语法通过		原字节保留
数物+复变/icourse/explore4.py	scripts/icourse/explore4.py	1228	cd69438c84b3023fd9ee2ee0e802f4f9272821c0e6ed50463b41308d8a97158f	cd69438c84b3023fd9ee2ee0e802f4f9272821c0e6ed50463b41308d8a97158f	全文读取；AST语法通过		原字节保留
数物+复变/icourse/explore5.py	scripts/icourse/explore5.py	495	c40fe6ac0e5e85e372e99b03537cf7bd6de794e91b9a0c8b596cdd9877a727d2	c40fe6ac0e5e85e372e99b03537cf7bd6de794e91b9a0c8b596cdd9877a727d2	全文读取；AST语法通过		原字节保留
数物+复变/icourse/extract_outline.py	scripts/icourse/extract_outline.py	987	9e7edaafc95d3f1c9967223e63321695c9e485ff8294567e0d9aa3daa1fee01a	9e7edaafc95d3f1c9967223e63321695c9e485ff8294567e0d9aa3daa1fee01a	全文读取；AST语法通过		原字节保留
数物+复变/icourse/fetch_unit.py	scripts/icourse/fetch_unit.py	1632	ebc156b7943f9ef55c4f09a8b5b29f236532eb24c019456f3bd75bff77dc64ce	9376322d393f16ea581e20b9e07606350e302195c79a98d9ef938590333fbc1b	全文读取；AST语法通过		文本路径/状态/安全修订
数物+复变/icourse/fix_order.py	scripts/icourse/fix_order.py	2258	0cfd03a936a434bf22b93bf674e94c794cbc3f2152684a8bcdfee8c708c62c0a	cf2459756ccf3b3bf2009181c948de674e2f123ed726366a2e07c4e2e5db552f	全文读取；AST语法通过		文本路径/状态/安全修订
数物+复变/icourse/get_outline.py	scripts/icourse/get_outline.py	1343	2cf5c134145179eb40b30885679f3a56a34a86a133e836848862e9d2f8defff2	ebdca2f849396059d77516bb898c8fb7b9337cee6c8ea9e34b5ecd5568644e28	全文读取；AST语法通过		文本路径/状态/安全修订
数物+复变/icourse/get_outline_xjtu.py	scripts/icourse/get_outline_xjtu.py	1077	e101ca2f8518edbd7d59ffe4cc995eeb99ba8ba108bae579426d27f90d18d0b0	e8e398c9b9a34b2b62299dcf417a22c2e14bb9a8aa38215ecd4cc8c3ff816504	全文读取；AST语法通过		文本路径/状态/安全修订
数物+复变/icourse/iface_CourseBean.js	scripts/icourse/iface_CourseBean.js	8185	c181164a7ec2769f96da440660b9ffe45eca26a67a94a3c97814cdc30b071d3a	c181164a7ec2769f96da440660b9ffe45eca26a67a94a3c97814cdc30b071d3a	全文读取		原字节保留
数物+复变/icourse/iface_CourseWikiBean.js	scripts/icourse/iface_CourseWikiBean.js	33	5865e6ad26fd50cec4fd4dea8005563b4515af293a7717cedd2d905515de0ca0	5865e6ad26fd50cec4fd4dea8005563b4515af293a7717cedd2d905515de0ca0	全文读取		原字节保留
数物+复变/icourse/iface_LearnBean.js	scripts/icourse/iface_LearnBean.js	28	40389d81d3625244273fd8f009bd58de8da81992968edf0cbba9f8007fae994b	40389d81d3625244273fd8f009bd58de8da81992968edf0cbba9f8007fae994b	全文读取		原字节保留
数物+复变/icourse/iface_LessonBean.js	scripts/icourse/iface_LessonBean.js	29	2c7aba2bb2ac04afdafff77cd7ba60eb94fc29dc3ffb162ec9381dd5ed6f6423	2c7aba2bb2ac04afdafff77cd7ba60eb94fc29dc3ffb162ec9381dd5ed6f6423	全文读取		原字节保留
数物+复变/icourse/iface_MocQuizBean.js	scripts/icourse/iface_MocQuizBean.js	2797	036b599fafce03ea058020dbcdacded9712f3a705154afd27d7dec0d81dc742c	036b599fafce03ea058020dbcdacded9712f3a705154afd27d7dec0d81dc742c	全文读取		原字节保留
数物+复变/icourse/iface_PostBean.js	scripts/icourse/iface_PostBean.js	1781	0300a308852c2ea4b12dfa932aa1e083af643d1b067bf10ca07628918d688ada	0300a308852c2ea4b12dfa932aa1e083af643d1b067bf10ca07628918d688ada	全文读取		原字节保留
数物+复变/icourse/js_urls.txt	scripts/icourse/js_urls.txt	424	238baad85654f32dbc209b055e80e1b578ff24f3fabd05a54af90b8850725bf6	238baad85654f32dbc209b055e80e1b578ff24f3fabd05a54af90b8850725bf6	全文读取		原字节保留
数物+复变/icourse/jsparse.py	scripts/icourse/jsparse.py	4524	d627f3f32d4f28d38a848179f620bb022241e7e8a106c52948eb9dc6fac477bb	d627f3f32d4f28d38a848179f620bb022241e7e8a106c52948eb9dc6fac477bb	全文读取；AST语法通过		原字节保留
数物+复变/icourse/learn_page.html	scripts/icourse/learn_page.html	88327	8df16cb4f3f9e2688db1da83b0e00988e30d483185cab75cc90892ed2463bcf6	8df16cb4f3f9e2688db1da83b0e00988e30d483185cab75cc90892ed2463bcf6	全文读取		原字节保留
数物+复变/icourse/lesson_page.html	scripts/icourse/lesson_page.html	236	99c01cda49f093256b59ffe2b90fd3ffd21935a284e8ed24929fb40cb19efdf9	99c01cda49f093256b59ffe2b90fd3ffd21935a284e8ed24929fb40cb19efdf9	全文读取		原字节保留
数物+复变/icourse/lessoninfo_raw.txt	scripts/icourse/lessoninfo_raw.txt	97	e9d860767e308a2255d2ad568854d9363bf25e51f0afe9fd8394b60e16f348fc	e9d860767e308a2255d2ad568854d9363bf25e51f0afe9fd8394b60e16f348fc	全文读取		原字节保留
数物+复变/icourse/lessons.json	scripts/icourse/lessons.json	2444	124fc671efef2ef5ada20ac2497a05590a547690733670ed54be8653324d7580	124fc671efef2ef5ada20ac2497a05590a547690733670ed54be8653324d7580	全文读取；JSON解析通过		原字节保留
数物+复变/icourse/merge_pdfs.py	scripts/icourse/merge_pdfs.py	1685	0e950f34c72e4c53dc441b815d22fa6a6595f583ec521442981d8d6d304e64bf	1a3103ff4e16f688155bbf6f9d987f63c65403722d35671b03356aa3ac37d151	全文读取；AST语法通过		文本路径/状态/安全修订
数物+复变/icourse/net_log.json	scripts/icourse/net_log.json	1131	89ed040cbcb94886da27b05e212dab2d40a6e688d40524cee28e567da194cc6f	89ed040cbcb94886da27b05e212dab2d40a6e688d40524cee28e567da194cc6f	全文读取；JSON解析通过		原字节保留
数物+复变/icourse/outline.json	scripts/icourse/outline.json	81598	79bb25a596b2e88db49a4e69b52b8dc3040d971cc57aa34d75e733db30ca4173	79bb25a596b2e88db49a4e69b52b8dc3040d971cc57aa34d75e733db30ca4173	全文读取；JSON解析通过		原字节保留
数物+复变/icourse/outline_raw.txt	scripts/icourse/outline_raw.txt	186	4e47100fe6e5da7cfa8893c968dc35ba260b384ea15ee0b4bf5b0ceaed05dad3	4e47100fe6e5da7cfa8893c968dc35ba260b384ea15ee0b4bf5b0ceaed05dad3	全文读取		原字节保留
数物+复变/icourse/outline_xjtu.json	scripts/icourse/outline_xjtu.json	116956	8d5d0bb99404404cc6f53a39914f4d83b822ef339435545ab3efe28da447c2fc	8d5d0bb99404404cc6f53a39914f4d83b822ef339435545ab3efe28da447c2fc	全文读取；JSON解析通过		原字节保留
数物+复变/icourse/page_url.txt	scripts/icourse/page_url.txt	119	f26ccd9eee3937458fc450a34e6f106e72f14d916f601dfd904fd9cdbd3665df	f26ccd9eee3937458fc450a34e6f106e72f14d916f601dfd904fd9cdbd3665df	全文读取		原字节保留
数物+复变/icourse/pdf_net.json	scripts/icourse/pdf_net.json	13346	347269d3195a1d0cb2ade340b4af5674b96602b11968873c549e1031af5159ed	5ff4cfc5c045b553bcbea12578ac962a4045c06bef6a0daa57439959f04f9165	全文读取；JSON解析通过		文本路径/状态/安全修订
数物+复变/icourse/pt_learn_learn.js	scripts/icourse/pt_learn_learn.js	583335	a8ad531c454049e3a57700f47aa4bfddd4a99d1c7c8d587f6d836132d1a96508	a8ad531c454049e3a57700f47aa4bfddd4a99d1c7c8d587f6d836132d1a96508	全文读取		原字节保留
数物+复变/icourse/regular_mooc.js	scripts/icourse/regular_mooc.js	184206	655841b227629256703468efca0995f10c1ba491d8a8cbf6d34f07e5be8575c9	655841b227629256703468efca0995f10c1ba491d8a8cbf6d34f07e5be8575c9	全文读取		原字节保留
数物+复变/icourse/shot1.png	scripts/icourse/shot1.png	92456	ef4eb33f9c0c7fb9d15871d96f05af8fc853c140109d1d1557086b372ff749d4	ef4eb33f9c0c7fb9d15871d96f05af8fc853c140109d1d1557086b372ff749d4	图片解码完整性；非逐图语义验收		原字节保留
数物+复变/icourse/shot2.png	scripts/icourse/shot2.png	78553	6d158ea08485109d8bf960128c4ef1212646889a60dc0ef94a9481cf5d94235c	6d158ea08485109d8bf960128c4ef1212646889a60dc0ef94a9481cf5d94235c	图片解码完整性；非逐图语义验收		原字节保留
数物+复变/icourse/shot_pdf.png	scripts/icourse/shot_pdf.png	299082	f21e39f7cd34e35f3e924c878fb43e8266c3a3de19bdf4196bea0ff527f595de	f21e39f7cd34e35f3e924c878fb43e8266c3a3de19bdf4196bea0ff527f595de	图片解码完整性；非逐图语义验收		原字节保留
数物+复变/icourse/shot_state.png	scripts/icourse/shot_state.png	29181	18c4118c1dabf9038558bb5ea7dff0f72e2ff127ccc92840e097808d5c3435a5	18c4118c1dabf9038558bb5ea7dff0f72e2ff127ccc92840e097808d5c3435a5	图片解码完整性；非逐图语义验收		原字节保留
数物+复变/icourse/term.json	scripts/icourse/term.json	509	fbd0e68a1149b17c44bda279f88b928d3e5078e84a93f86c3d76087e316b97f2	fbd0e68a1149b17c44bda279f88b928d3e5078e84a93f86c3d76087e316b97f2	全文读取；JSON解析通过		原字节保留
数物+复变/icourse/test.pdf	scripts/icourse/test.pdf	191646	3ec9a4cd3852ad7af177a7d77af8fcfc298e976eca519dc6ef5d8bc1678ca73c	3ec9a4cd3852ad7af177a7d77af8fcfc298e976eca519dc6ef5d8bc1678ca73c	全页文本提取；非逐页目视	6	原字节保留
数物+复变/icourse/unit_raw.txt	scripts/icourse/unit_raw.txt	493	c82bd6ad911c360c11a02c9522aad5af4fbfad77046e8381f467c2e424729762	c82bd6ad911c360c11a02c9522aad5af4fbfad77046e8381f467c2e424729762	全文读取		原字节保留
数物+复变/复变函数_课件_前五章/01 第一章 复数与复变函数/01 第一讲 复数的概念及运算(ppt).pdf	复变函数与积分变换/资料原件/复变函数_课件_前五章/01 第一章 复数与复变函数/01 第一讲 复数的概念及运算(ppt).pdf	984149	0cca35804f5c592cae57d581bf74a84254df3bde00b43828d7aa93c8cc6878f5	0cca35804f5c592cae57d581bf74a84254df3bde00b43828d7aa93c8cc6878f5	全页文本提取；非逐页目视	32	原字节保留
数物+复变/复变函数_课件_前五章/01 第一章 复数与复变函数/02 第二讲 复变函数及其极限与连续性(PPT).pdf	复变函数与积分变换/资料原件/复变函数_课件_前五章/01 第一章 复数与复变函数/02 第二讲 复变函数及其极限与连续性(PPT).pdf	896638	fe48941c991f759706e938e2e688bd94b52304ff381da49a546e4ed00f05e7a9	fe48941c991f759706e938e2e688bd94b52304ff381da49a546e4ed00f05e7a9	全页文本提取；非逐页目视	32	原字节保留
数物+复变/复变函数_课件_前五章/01 第一章 复数与复变函数/03 第一章 复数与复变函数单元小结(PPT).pdf	复变函数与积分变换/资料原件/复变函数_课件_前五章/01 第一章 复数与复变函数/03 第一章 复数与复变函数单元小结(PPT).pdf	546767	651b84e0584af07521c027267ba977898c4e2a0100458bc687a7c7aa1775f222	651b84e0584af07521c027267ba977898c4e2a0100458bc687a7c7aa1775f222	全页文本提取；非逐页目视	16	原字节保留
数物+复变/复变函数_课件_前五章/02 第二章  解析函数/01 第一讲函数解析性的概念与判定(ppt).pdf	复变函数与积分变换/资料原件/复变函数_课件_前五章/02 第二章  解析函数/01 第一讲函数解析性的概念与判定(ppt).pdf	852502	181429cce27edc49b8d13472e2c1ec7350ad080b8802243340392373d529124e	181429cce27edc49b8d13472e2c1ec7350ad080b8802243340392373d529124e	全页文本提取；非逐页目视	38	原字节保留
数物+复变/复变函数_课件_前五章/02 第二章  解析函数/02 第二讲 复变初等函数(ppt).pdf	复变函数与积分变换/资料原件/复变函数_课件_前五章/02 第二章  解析函数/02 第二讲 复变初等函数(ppt).pdf	1096603	b787bf3611ad09a50a0252ebface158112b5611ee99978f43aaff31b401d439e	b787bf3611ad09a50a0252ebface158112b5611ee99978f43aaff31b401d439e	全页文本提取；非逐页目视	36	原字节保留
数物+复变/复变函数_课件_前五章/02 第二章  解析函数/03 第二章解析函数单元小结(PPT).pdf	复变函数与积分变换/资料原件/复变函数_课件_前五章/02 第二章  解析函数/03 第二章解析函数单元小结(PPT).pdf	550017	0affd5133e8da016548a885a55d7637bf3a41b8eebb51e3c827ce309e582c21d	0affd5133e8da016548a885a55d7637bf3a41b8eebb51e3c827ce309e582c21d	全页文本提取；非逐页目视	18	原字节保留
数物+复变/复变函数_课件_前五章/03 第三章 复变函数的积分/01 第一讲 复变函数积分的概念、性质及计算ppt.pdf	复变函数与积分变换/资料原件/复变函数_课件_前五章/03 第三章 复变函数的积分/01 第一讲 复变函数积分的概念、性质及计算ppt.pdf	729244	a4ec1a3a6db2143291e16cd90aa91360698e6a7f742fcd2360264d13b7f5bfe3	a4ec1a3a6db2143291e16cd90aa91360698e6a7f742fcd2360264d13b7f5bfe3	全页文本提取；非逐页目视	17	原字节保留
数物+复变/复变函数_课件_前五章/03 第三章 复变函数的积分/02 第二讲 柯西-古萨定理及其推广(PPT).pdf	复变函数与积分变换/资料原件/复变函数_课件_前五章/03 第三章 复变函数的积分/02 第二讲 柯西-古萨定理及其推广(PPT).pdf	780652	9deb8a2862fca517d0e770d3ec9475b1c055d72275c4cb2f0284c6703b0069a5	9deb8a2862fca517d0e770d3ec9475b1c055d72275c4cb2f0284c6703b0069a5	全页文本提取；非逐页目视	14	原字节保留
数物+复变/复变函数_课件_前五章/03 第三章 复变函数的积分/03 第三讲 原函数与不定积分(PPT).pdf	复变函数与积分变换/资料原件/复变函数_课件_前五章/03 第三章 复变函数的积分/03 第三讲 原函数与不定积分(PPT).pdf	615413	ff458fed9574c3ffee7f3e70a617fea60d2d59e82a0f3594da3228565ab003a2	ff458fed9574c3ffee7f3e70a617fea60d2d59e82a0f3594da3228565ab003a2	全页文本提取；非逐页目视	12	原字节保留
数物+复变/复变函数_课件_前五章/03 第三章 复变函数的积分/04 第四讲 柯西积分公式与高阶导数公式(PPT).pdf	复变函数与积分变换/资料原件/复变函数_课件_前五章/03 第三章 复变函数的积分/04 第四讲 柯西积分公式与高阶导数公式(PPT).pdf	728498	a38a8d07bae9dec93595ad126d96d580991f82dcea66c5b3fe9f64b04bab91cf	a38a8d07bae9dec93595ad126d96d580991f82dcea66c5b3fe9f64b04bab91cf	全页文本提取；非逐页目视	18	原字节保留
数物+复变/复变函数_课件_前五章/03 第三章 复变函数的积分/05 第五讲 解析函数与调和函数的关系(PPT).pdf	复变函数与积分变换/资料原件/复变函数_课件_前五章/03 第三章 复变函数的积分/05 第五讲 解析函数与调和函数的关系(PPT).pdf	631592	4b352dbb6085c8ed4e69ee52c5c16119799f43936c65bf9d8014a76217ad543d	4b352dbb6085c8ed4e69ee52c5c16119799f43936c65bf9d8014a76217ad543d	全页文本提取；非逐页目视	12	原字节保留
数物+复变/复变函数_课件_前五章/03 第三章 复变函数的积分/06 第三章 复变函数的积分单元小结(ppt).pdf	复变函数与积分变换/资料原件/复变函数_课件_前五章/03 第三章 复变函数的积分/06 第三章 复变函数的积分单元小结(ppt).pdf	697940	dd1bbf277292cb47731faab61135eecd0932ab13c684bc560cb024913bb596d2	dd1bbf277292cb47731faab61135eecd0932ab13c684bc560cb024913bb596d2	全页文本提取；非逐页目视	21	原字节保留
数物+复变/复变函数_课件_前五章/04 第四章 复变函数项级数/01 第一讲 复数项级数与复变函数项级数(ppt).pdf	复变函数与积分变换/资料原件/复变函数_课件_前五章/04 第四章 复变函数项级数/01 第一讲 复数项级数与复变函数项级数(ppt).pdf	811990	b41c04f9d74d25faf4171f25dc61f5c27c7154434e663b630723844cb0d543ff	b41c04f9d74d25faf4171f25dc61f5c27c7154434e663b630723844cb0d543ff	全页文本提取；非逐页目视	24	原字节保留
数物+复变/复变函数_课件_前五章/04 第四章 复变函数项级数/02 第二讲 幂级数(ppt).pdf	复变函数与积分变换/资料原件/复变函数_课件_前五章/04 第四章 复变函数项级数/02 第二讲 幂级数(ppt).pdf	716887	3cb1ca7d7eb2b4e102e833065a9d89632a8144ed1e90bec811a2377574cb5a57	3cb1ca7d7eb2b4e102e833065a9d89632a8144ed1e90bec811a2377574cb5a57	全页文本提取；非逐页目视	23	原字节保留
数物+复变/复变函数_课件_前五章/04 第四章 复变函数项级数/03 第三讲 泰勒级数.pdf	复变函数与积分变换/资料原件/复变函数_课件_前五章/04 第四章 复变函数项级数/03 第三讲 泰勒级数.pdf	655076	ce4b6ffe56c9fb04dd031fa07b109ee211d00bc58bb7776ec6bc18df784213d5	ce4b6ffe56c9fb04dd031fa07b109ee211d00bc58bb7776ec6bc18df784213d5	全页文本提取；非逐页目视	19	原字节保留
数物+复变/复变函数_课件_前五章/04 第四章 复变函数项级数/04 第四讲 洛朗级数(PPT).pdf	复变函数与积分变换/资料原件/复变函数_课件_前五章/04 第四章 复变函数项级数/04 第四讲 洛朗级数(PPT).pdf	734991	4bee80d2714b67bb3c95a6b225b59eb2f52aecc179b41ed80e95bfccbef6ba2d	4bee80d2714b67bb3c95a6b225b59eb2f52aecc179b41ed80e95bfccbef6ba2d	全页文本提取；非逐页目视	24	原字节保留
数物+复变/复变函数_课件_前五章/04 第四章 复变函数项级数/05 第五讲 第四章复变函数项级数单元小结(ppt).pdf	复变函数与积分变换/资料原件/复变函数_课件_前五章/04 第四章 复变函数项级数/05 第五讲 第四章复变函数项级数单元小结(ppt).pdf	612885	fb943cfb465cfe4d8dd8a5a701d8a12e12285a77cbb16f24322d1efcbab4cc20	fb943cfb465cfe4d8dd8a5a701d8a12e12285a77cbb16f24322d1efcbab4cc20	全页文本提取；非逐页目视	21	原字节保留
数物+复变/复变函数_课件_前五章/05 第五章留数及其应用/01 第五章第一讲 孤立奇点.pdf	复变函数与积分变换/资料原件/复变函数_课件_前五章/05 第五章留数及其应用/01 第五章第一讲 孤立奇点.pdf	877815	c7a7a205e18f56185428cf06c6a6da2e446a1975b5ff0eeb8072333877299bf9	c7a7a205e18f56185428cf06c6a6da2e446a1975b5ff0eeb8072333877299bf9	全页文本提取；非逐页目视	37	原字节保留
数物+复变/复变函数_课件_前五章/05 第五章留数及其应用/02 第二讲留数定理(PPT).pdf	复变函数与积分变换/资料原件/复变函数_课件_前五章/05 第五章留数及其应用/02 第二讲留数定理(PPT).pdf	532161	da7a0acc1466e504785d6158c2a67e01e89ab867c3763121c7ede96c52b913f8	da7a0acc1466e504785d6158c2a67e01e89ab867c3763121c7ede96c52b913f8	全页文本提取；非逐页目视	32	原字节保留
数物+复变/复变函数_课件_前五章/05 第五章留数及其应用/03 第五章第三讲留数在计算实积分中的应用(PPT).pdf	复变函数与积分变换/资料原件/复变函数_课件_前五章/05 第五章留数及其应用/03 第五章第三讲留数在计算实积分中的应用(PPT).pdf	818955	9d8dc2ac556b529fef1a92b923779425ee43fae2365f4a716650bb52999b38da	9d8dc2ac556b529fef1a92b923779425ee43fae2365f4a716650bb52999b38da	全页文本提取；非逐页目视	26	原字节保留
数物+复变/复变函数_课件_前五章/05 第五章留数及其应用/04 0504第五章留数及其应用单元小结(PPT).pdf	复变函数与积分变换/资料原件/复变函数_课件_前五章/05 第五章留数及其应用/04 0504第五章留数及其应用单元小结(PPT).pdf	767313	2649ba844ebd6e465550db70fa3ef6db32a5fd44075bf4c58c8103e81824342e	2649ba844ebd6e465550db70fa3ef6db32a5fd44075bf4c58c8103e81824342e	全页文本提取；非逐页目视	10	原字节保留
数物+复变/复变函数_课件_前五章/合并版/01 第一章 复数与复变函数.pdf	复变函数与积分变换/资料原件/复变函数_课件_前五章/合并版/01 第一章 复数与复变函数.pdf	2376395	3f49c54fc14eef5b99f2b48a9feb0a1be76d29cc4f8186e8ce4954319a092036	3f49c54fc14eef5b99f2b48a9feb0a1be76d29cc4f8186e8ce4954319a092036	全页文本提取；非逐页目视	80	原字节保留
数物+复变/复变函数_课件_前五章/合并版/02 第二章  解析函数.pdf	复变函数与积分变换/资料原件/复变函数_课件_前五章/合并版/02 第二章  解析函数.pdf	2448049	35225da6c083d5a7237497ec450bd6b612670e5aa0cc824e00ebf2d61631fd84	35225da6c083d5a7237497ec450bd6b612670e5aa0cc824e00ebf2d61631fd84	全页文本提取；非逐页目视	92	原字节保留
数物+复变/复变函数_课件_前五章/合并版/03 第三章 复变函数的积分.pdf	复变函数与积分变换/资料原件/复变函数_课件_前五章/合并版/03 第三章 复变函数的积分.pdf	4133275	bc3f5127168011cd5eadc14888ad3c8c8ac631427b8644e4f5812f36e8a58944	bc3f5127168011cd5eadc14888ad3c8c8ac631427b8644e4f5812f36e8a58944	全页文本提取；非逐页目视	94	原字节保留
数物+复变/复变函数_课件_前五章/合并版/04 第四章 复变函数项级数.pdf	复变函数与积分变换/资料原件/复变函数_课件_前五章/合并版/04 第四章 复变函数项级数.pdf	3469012	7ad94b1e114242948eec77f0cf20969160dd6189cbb955955124870ddeeed39d	7ad94b1e114242948eec77f0cf20969160dd6189cbb955955124870ddeeed39d	全页文本提取；非逐页目视	111	原字节保留
数物+复变/复变函数_课件_前五章/合并版/05 第五章留数及其应用.pdf	复变函数与积分变换/资料原件/复变函数_课件_前五章/合并版/05 第五章留数及其应用.pdf	2937315	375252f1ad2c011427cd7107ccb9934a1beb054aedc945c8da8d93b0062221a1	375252f1ad2c011427cd7107ccb9934a1beb054aedc945c8da8d93b0062221a1	全页文本提取；非逐页目视	105	原字节保留
数物+复变/复变函数_课件_前五章/课件说明_前五章.md	复变函数与积分变换/资料原件/复变函数_课件_前五章/课件说明_前五章.md	2868	c94bd77637ae22483cc038b8ebb91dd5703f83c6a96dc24090f32f5cfd5b619a	c94bd77637ae22483cc038b8ebb91dd5703f83c6a96dc24090f32f5cfd5b619a	全文读取		原字节保留
数物+复变/数学物理方程_课程课件/01 引言(课程介绍)/01 引言.pdf	数理方程/资料原件/数学物理方程_课程课件/01 引言(课程介绍)/01 引言.pdf	2329117	de73889cf4277601b7da23048931f12bf5b323bbf8554a2b796176d75b7cb743	de73889cf4277601b7da23048931f12bf5b323bbf8554a2b796176d75b7cb743	全页文本提取；非逐页目视	34	原字节保留
数物+复变/数学物理方程_课程课件/01 引言(课程介绍)/02 课程介绍-ppt.pdf	数理方程/资料原件/数学物理方程_课程课件/01 引言(课程介绍)/02 课程介绍-ppt.pdf	191646	3ec9a4cd3852ad7af177a7d77af8fcfc298e976eca519dc6ef5d8bc1678ca73c	3ec9a4cd3852ad7af177a7d77af8fcfc298e976eca519dc6ef5d8bc1678ca73c	全页文本提取；非逐页目视	6	原字节保留
数物+复变/数学物理方程_课程课件/02 第一章  数学物理方程的导出和定解问题/01 1.1.1 数学物理方程模型概况-课件.pdf	数理方程/资料原件/数学物理方程_课程课件/02 第一章  数学物理方程的导出和定解问题/01 1.1.1 数学物理方程模型概况-课件.pdf	328798	0c0ff53eed612df1fdf698b34c1c2f7c96c1019b4d3658350da6c845dca8666a	0c0ff53eed612df1fdf698b34c1c2f7c96c1019b4d3658350da6c845dca8666a	全页文本提取；非逐页目视	16	原字节保留
数物+复变/数学物理方程_课程课件/02 第一章  数学物理方程的导出和定解问题/02 1.1.2 弦的振动方程建模-课件.pdf	数理方程/资料原件/数学物理方程_课程课件/02 第一章  数学物理方程的导出和定解问题/02 1.1.2 弦的振动方程建模-课件.pdf	306463	f596151527ea79ca17ab146ae3759cf82f6649ed663b7cffb4d66a94796948a5	f596151527ea79ca17ab146ae3759cf82f6649ed663b7cffb4d66a94796948a5	全页文本提取；非逐页目视	15	原字节保留
数物+复变/数学物理方程_课程课件/02 第一章  数学物理方程的导出和定解问题/03 1.1.4 弦的振动方程的定解条件-课件.pdf	数理方程/资料原件/数学物理方程_课程课件/02 第一章  数学物理方程的导出和定解问题/03 1.1.4 弦的振动方程的定解条件-课件.pdf	328769	46d3659f3d8142f38bba5179dd01e5ff41eda5538838a9d2a60ee7bdc770ce3e	46d3659f3d8142f38bba5179dd01e5ff41eda5538838a9d2a60ee7bdc770ce3e	全页文本提取；非逐页目视	14	原字节保留
数物+复变/数学物理方程_课程课件/02 第一章  数学物理方程的导出和定解问题/04 1.1.5 能量守恒与热传导方程建模-课件.pdf	数理方程/资料原件/数学物理方程_课程课件/02 第一章  数学物理方程的导出和定解问题/04 1.1.5 能量守恒与热传导方程建模-课件.pdf	328769	46d3659f3d8142f38bba5179dd01e5ff41eda5538838a9d2a60ee7bdc770ce3e	46d3659f3d8142f38bba5179dd01e5ff41eda5538838a9d2a60ee7bdc770ce3e	全页文本提取；非逐页目视	14	原字节保留
数物+复变/数学物理方程_课程课件/02 第一章  数学物理方程的导出和定解问题/05 1.1.6 热传导方程定解条件-课件.pdf	数理方程/资料原件/数学物理方程_课程课件/02 第一章  数学物理方程的导出和定解问题/05 1.1.6 热传导方程定解条件-课件.pdf	253638	7f98983f2dcfc0020f461460e8bb38be8dfbb03a26b8cd9813bac762dcedd852	7f98983f2dcfc0020f461460e8bb38be8dfbb03a26b8cd9813bac762dcedd852	全页文本提取；非逐页目视	10	原字节保留
数物+复变/数学物理方程_课程课件/02 第一章  数学物理方程的导出和定解问题/06 1.2 变分原理-课件.pdf	数理方程/资料原件/数学物理方程_课程课件/02 第一章  数学物理方程的导出和定解问题/06 1.2 变分原理-课件.pdf	442995	07141780d039abb2ad25a3c19e79ff150dc6aca5c472e64a96420a6478fce478	07141780d039abb2ad25a3c19e79ff150dc6aca5c472e64a96420a6478fce478	全页文本提取；非逐页目视	18	原字节保留
数物+复变/数学物理方程_课程课件/02 第一章  数学物理方程的导出和定解问题/07 1.3 定解问题的适定性-课件.pdf	数理方程/资料原件/数学物理方程_课程课件/02 第一章  数学物理方程的导出和定解问题/07 1.3 定解问题的适定性-课件.pdf	333626	036b2dacc65e8e2f35ff516eb5a3c5b5c275847e66ddadc07daff52a5559d8a0	036b2dacc65e8e2f35ff516eb5a3c5b5c275847e66ddadc07daff52a5559d8a0	全页文本提取；非逐页目视	15	原字节保留
数物+复变/数学物理方程_课程课件/03 第二章 波动方程/01 2.1 最简单的一阶线性方程求解-课件.pdf	数理方程/资料原件/数学物理方程_课程课件/03 第二章 波动方程/01 2.1 最简单的一阶线性方程求解-课件.pdf	290166	ee6da2a0a93c73bfa8415e68a7b61f469e355111d92531a5631ee39f161f467f	ee6da2a0a93c73bfa8415e68a7b61f469e355111d92531a5631ee39f161f467f	全页文本提取；非逐页目视	13	原字节保留
数物+复变/数学物理方程_课程课件/03 第二章 波动方程/02 2.2.1 一维波动方程齐次化-课件.pdf	数理方程/资料原件/数学物理方程_课程课件/03 第二章 波动方程/02 2.2.1 一维波动方程齐次化-课件.pdf	291096	ff22ec5e531ac07898cded5932a111d1d6c670b12ce7d8d6127a4e219c8527cd	ff22ec5e531ac07898cded5932a111d1d6c670b12ce7d8d6127a4e219c8527cd	全页文本提取；非逐页目视	12	原字节保留
数物+复变/数学物理方程_课程课件/03 第二章 波动方程/03 2.2.2 初值问题的征变换解法-课件.pdf	数理方程/资料原件/数学物理方程_课程课件/03 第二章 波动方程/03 2.2.2 初值问题的征变换解法-课件.pdf	288584	0da4e9e984e5c79ca44cf9b02e1531c041bfe18a70d817b4d515fb1bdb63be42	0da4e9e984e5c79ca44cf9b02e1531c041bfe18a70d817b4d515fb1bdb63be42	全页文本提取；非逐页目视	14	原字节保留
数物+复变/数学物理方程_课程课件/03 第二章 波动方程/04 2.2.3 D’Alembert公式物理意义-课件.pdf	数理方程/资料原件/数学物理方程_课程课件/03 第二章 波动方程/04 2.2.3 D’Alembert公式物理意义-课件.pdf	366490	24cc7e601c81205f7a89dd27cd76c6e6846408cdec0db62aee072a10c2bba340	24cc7e601c81205f7a89dd27cd76c6e6846408cdec0db62aee072a10c2bba340	全页文本提取；非逐页目视	12	原字节保留
数物+复变/数学物理方程_课程课件/03 第二章 波动方程/05 2.2.4 能量不等式-课件.pdf	数理方程/资料原件/数学物理方程_课程课件/03 第二章 波动方程/05 2.2.4 能量不等式-课件.pdf	397168	f45a2cf75e7a353d2355f8e04dcaecb41b2f01fa547e51e8bdf995aed581bf69	f45a2cf75e7a353d2355f8e04dcaecb41b2f01fa547e51e8bdf995aed581bf69	全页文本提取；非逐页目视	18	原字节保留
数物+复变/数学物理方程_课程课件/03 第二章 波动方程/06 2.2.5 半无界问题-课件.pdf	数理方程/资料原件/数学物理方程_课程课件/03 第二章 波动方程/06 2.2.5 半无界问题-课件.pdf	348065	0260a1f0d501dbab24a7bbb7e80ad28019404302f268c2dfa594c52eb2a5ac95	0260a1f0d501dbab24a7bbb7e80ad28019404302f268c2dfa594c52eb2a5ac95	全页文本提取；非逐页目视	17	原字节保留
数物+复变/数学物理方程_课程课件/03 第二章 波动方程/07 2.2.6 半无界问题(续)-课件.pdf	数理方程/资料原件/数学物理方程_课程课件/03 第二章 波动方程/07 2.2.6 半无界问题(续)-课件.pdf	288465	904bdffc55b615269e8224d6674ccad798830f5150c982e2bd60813766eb2bcf	904bdffc55b615269e8224d6674ccad798830f5150c982e2bd60813766eb2bcf	全页文本提取；非逐页目视	11	原字节保留
数物+复变/数学物理方程_课程课件/03 第二章 波动方程/08 2.3.1 三维波动方程的球对称解-课件.pdf	数理方程/资料原件/数学物理方程_课程课件/03 第二章 波动方程/08 2.3.1 三维波动方程的球对称解-课件.pdf	248835	2b23bc9cedcf08a527564e90e056ed2541dccf9f389e0b7d5b9639e022ff6c9c	2b23bc9cedcf08a527564e90e056ed2541dccf9f389e0b7d5b9639e022ff6c9c	全页文本提取；非逐页目视	9	原字节保留
数物+复变/数学物理方程_课程课件/03 第二章 波动方程/09 2.3.2 三维波动方程Cauchy问题-课件.pdf	数理方程/资料原件/数学物理方程_课程课件/03 第二章 波动方程/09 2.3.2 三维波动方程Cauchy问题-课件.pdf	303112	a9e55909166e08f776efd5454f9a2a86166e94cd257e328efe5858c95ca4b2da	a9e55909166e08f776efd5454f9a2a86166e94cd257e328efe5858c95ca4b2da	全页文本提取；非逐页目视	14	原字节保留
数物+复变/数学物理方程_课程课件/03 第二章 波动方程/10 2.3.3 二维情形的降维法求解-课件.pdf	数理方程/资料原件/数学物理方程_课程课件/03 第二章 波动方程/10 2.3.3 二维情形的降维法求解-课件.pdf	309716	887493c23cbc53c12073f723b470e9066f4943fc7f2c8abb3766f08bc48fb10c	887493c23cbc53c12073f723b470e9066f4943fc7f2c8abb3766f08bc48fb10c	全页文本提取；非逐页目视	11	原字节保留
数物+复变/数学物理方程_课程课件/03 第二章 波动方程/11 2.3.4 特征锥与Huygens原理-课件.pdf	数理方程/资料原件/数学物理方程_课程课件/03 第二章 波动方程/11 2.3.4 特征锥与Huygens原理-课件.pdf	405405	6d772b2df08e430f78592b306deea52c5d9ebcdf69b7394e98c7742c642986a4	6d772b2df08e430f78592b306deea52c5d9ebcdf69b7394e98c7742c642986a4	全页文本提取；非逐页目视	11	原字节保留
数物+复变/数学物理方程_课程课件/03 第二章 波动方程/12 2.4.1 分离变量法-课件.pdf	数理方程/资料原件/数学物理方程_课程课件/03 第二章 波动方程/12 2.4.1 分离变量法-课件.pdf	296076	6a374f2685a4e8b3318003ffc765d8774459e5ab6c954993e02154f98d24a1c3	6a374f2685a4e8b3318003ffc765d8774459e5ab6c954993e02154f98d24a1c3	全页文本提取；非逐页目视	13	原字节保留
数物+复变/数学物理方程_课程课件/03 第二章 波动方程/13 2.4.2 特征函数法-课件.pdf	数理方程/资料原件/数学物理方程_课程课件/03 第二章 波动方程/13 2.4.2 特征函数法-课件.pdf	319543	fcfa2ca13842e4dfbbb70378130a5177f52b8850c1b395681942eba3b1e76347	fcfa2ca13842e4dfbbb70378130a5177f52b8850c1b395681942eba3b1e76347	全页文本提取；非逐页目视	15	原字节保留
数物+复变/数学物理方程_课程课件/03 第二章 波动方程/14 2.4.3 分离变量法的物理意义、共振-课件.pdf	数理方程/资料原件/数学物理方程_课程课件/03 第二章 波动方程/14 2.4.3 分离变量法的物理意义、共振-课件.pdf	324198	c4f8b8873f1d7acca6a48081c6ac07802095b0b128ebba26b51718f24f3afadf	c4f8b8873f1d7acca6a48081c6ac07802095b0b128ebba26b51718f24f3afadf	全页文本提取；非逐页目视	16	原字节保留
数物+复变/数学物理方程_课程课件/04 第三章 热传导方程/01 3.1.1一维热传导方程初值问题-课件.pdf	数理方程/资料原件/数学物理方程_课程课件/04 第三章 热传导方程/01 3.1.1一维热传导方程初值问题-课件.pdf	282596	0a5715700d227887c5cf164e436722d5c6bc9a43cb18182cdb95f89e0646409a	0a5715700d227887c5cf164e436722d5c6bc9a43cb18182cdb95f89e0646409a	全页文本提取；非逐页目视	12	原字节保留
数物+复变/数学物理方程_课程课件/04 第三章 热传导方程/02 3.1.2 Fourier 变换及性质-课件.pdf	数理方程/资料原件/数学物理方程_课程课件/04 第三章 热传导方程/02 3.1.2 Fourier 变换及性质-课件.pdf	259787	0bfe907fd2d3f3b2f702791ddd7ad59252adb65a2bf271362b1c182dce0439c2	0bfe907fd2d3f3b2f702791ddd7ad59252adb65a2bf271362b1c182dce0439c2	全页文本提取；非逐页目视	16	原字节保留
数物+复变/数学物理方程_课程课件/04 第三章 热传导方程/03 3.1.3 热传导方程基本解-课件.pdf	数理方程/资料原件/数学物理方程_课程课件/04 第三章 热传导方程/03 3.1.3 热传导方程基本解-课件.pdf	269540	7c99ed01b28efd6d6fdc5a1ed08d0b68030bba458f01da42b5a4d077543328a8	7c99ed01b28efd6d6fdc5a1ed08d0b68030bba458f01da42b5a4d077543328a8	全页文本提取；非逐页目视	10	原字节保留
数物+复变/数学物理方程_课程课件/04 第三章 热传导方程/04 3.1.4 证明Poisson公式是经典解-课件.pdf	数理方程/资料原件/数学物理方程_课程课件/04 第三章 热传导方程/04 3.1.4 证明Poisson公式是经典解-课件.pdf	293128	4de23c3bd7e7a8684e43704bc0d89b1b5faeb22beb74fcde3da6eacedd04ecd2	4de23c3bd7e7a8684e43704bc0d89b1b5faeb22beb74fcde3da6eacedd04ecd2	全页文本提取；非逐页目视	11	原字节保留
数物+复变/数学物理方程_课程课件/04 第三章 热传导方程/05 3.1.5 广义函数简介-课件.pdf	数理方程/资料原件/数学物理方程_课程课件/04 第三章 热传导方程/05 3.1.5 广义函数简介-课件.pdf	312082	3bf7c66b2e6b2f96de4057bff87694c17599ba219c3e431ae92602343a5a460b	3bf7c66b2e6b2f96de4057bff87694c17599ba219c3e431ae92602343a5a460b	全页文本提取；非逐页目视	16	原字节保留
数物+复变/数学物理方程_课程课件/04 第三章 热传导方程/06 3.1.6 广义函数举例-课件.pdf	数理方程/资料原件/数学物理方程_课程课件/04 第三章 热传导方程/06 3.1.6 广义函数举例-课件.pdf	283119	1a0d22189eb079fa74dd8d1dbfd1f1c7460af6dd8855ac7e608ea00d4a3fdd4e	1a0d22189eb079fa74dd8d1dbfd1f1c7460af6dd8855ac7e608ea00d4a3fdd4e	全页文本提取；非逐页目视	12	原字节保留
数物+复变/数学物理方程_课程课件/04 第三章 热传导方程/07 3.1.7 基本解-课件.pdf	数理方程/资料原件/数学物理方程_课程课件/04 第三章 热传导方程/07 3.1.7 基本解-课件.pdf	317449	9955ce8d89d9f9dcb737369e1db14653253f6f2ab5f7b0cd8ae8668c345ba43e	9955ce8d89d9f9dcb737369e1db14653253f6f2ab5f7b0cd8ae8668c345ba43e	全页文本提取；非逐页目视	15	原字节保留
数物+复变/数学物理方程_课程课件/04 第三章 热传导方程/08 3.1.8 半无界问题-课件.pdf	数理方程/资料原件/数学物理方程_课程课件/04 第三章 热传导方程/08 3.1.8 半无界问题-课件.pdf	280798	1248522002db5d742a8e3a7bd45ebf3ac4c63fde26f85f5f1bedbaa9c9dd5787	1248522002db5d742a8e3a7bd45ebf3ac4c63fde26f85f5f1bedbaa9c9dd5787	全页文本提取；非逐页目视	11	原字节保留
数物+复变/数学物理方程_课程课件/04 第三章 热传导方程/09 3.2 混合问题的分离变量法-课件.pdf	数理方程/资料原件/数学物理方程_课程课件/04 第三章 热传导方程/09 3.2 混合问题的分离变量法-课件.pdf	279670	04ecd897611a5acfcd28f64aa071ef215f1d2290678368024b11af71ad915f4b	04ecd897611a5acfcd28f64aa071ef215f1d2290678368024b11af71ad915f4b	全页文本提取；非逐页目视	13	原字节保留
数物+复变/数学物理方程_课程课件/04 第三章 热传导方程/10 3.3.1 热传导极值原理-课件.pdf	数理方程/资料原件/数学物理方程_课程课件/04 第三章 热传导方程/10 3.3.1 热传导极值原理-课件.pdf	336805	2e38ca1e6566585c6b8f41e1dbe6c74cf51f834ff39d00069220e41f012851a8	2e38ca1e6566585c6b8f41e1dbe6c74cf51f834ff39d00069220e41f012851a8	全页文本提取；非逐页目视	15	原字节保留
数物+复变/数学物理方程_课程课件/04 第三章 热传导方程/11 3.3.2 热传导方程最大模估计-课件.pdf	数理方程/资料原件/数学物理方程_课程课件/04 第三章 热传导方程/11 3.3.2 热传导方程最大模估计-课件.pdf	279954	7037d10d7d35693a86d1e587ecf5514ac0ba5614612c215685c2403265aee32b	7037d10d7d35693a86d1e587ecf5514ac0ba5614612c215685c2403265aee32b	全页文本提取；非逐页目视	11	原字节保留
数物+复变/数学物理方程_课程课件/04 第三章 热传导方程/12 3.3.3 热传导方程能量模估计-课件.pdf	数理方程/资料原件/数学物理方程_课程课件/04 第三章 热传导方程/12 3.3.3 热传导方程能量模估计-课件.pdf	355490	27eb1b90105da43d2d5ebae8089688a2141afaf1c07fa0ba01e3a2152c6cda3d	27eb1b90105da43d2d5ebae8089688a2141afaf1c07fa0ba01e3a2152c6cda3d	全页文本提取；非逐页目视	18	原字节保留
数物+复变/数学物理方程_课程课件/05 第四章  位势方程/01 4.1.1  基本解.pdf	数理方程/资料原件/数学物理方程_课程课件/05 第四章  位势方程/01 4.1.1  基本解.pdf	313561	75f77fbb90db83bbf7913a3b71575f5a33f1d902340cc951022ce6e0cd59cb8a	75f77fbb90db83bbf7913a3b71575f5a33f1d902340cc951022ce6e0cd59cb8a	全页文本提取；非逐页目视	14	原字节保留
数物+复变/数学物理方程_课程课件/05 第四章  位势方程/02 4.1.2 光滑函数的基本解表示.pdf	数理方程/资料原件/数学物理方程_课程课件/05 第四章  位势方程/02 4.1.2 光滑函数的基本解表示.pdf	350684	dd690de635c4abdecc18fde5f26e2476ba7715941211430ef785d036dbaa27d7	dd690de635c4abdecc18fde5f26e2476ba7715941211430ef785d036dbaa27d7	全页文本提取；非逐页目视	13	原字节保留
数物+复变/数学物理方程_课程课件/05 第四章  位势方程/03 4.1.3 Green函数及性质.pdf	数理方程/资料原件/数学物理方程_课程课件/05 第四章  位势方程/03 4.1.3 Green函数及性质.pdf	315546	e33fc0ab644eefc241b8d7d88e282d8629041226b50ac4b5ddddba951e0716da	e33fc0ab644eefc241b8d7d88e282d8629041226b50ac4b5ddddba951e0716da	全页文本提取；非逐页目视	13	原字节保留
数物+复变/数学物理方程_课程课件/05 第四章  位势方程/04 4.2.1 特殊区域上的Green函数.pdf	数理方程/资料原件/数学物理方程_课程课件/05 第四章  位势方程/04 4.2.1 特殊区域上的Green函数.pdf	407848	578c2902dcf759b0f798a452503645345a261b5b7e2a3c437119553e359dea17	578c2902dcf759b0f798a452503645345a261b5b7e2a3c437119553e359dea17	全页文本提取；非逐页目视	13	原字节保留
数物+复变/数学物理方程_课程课件/05 第四章  位势方程/05 4.2.2 特殊区域上Poisson方程Dirichlet问题解的表示.pdf	数理方程/资料原件/数学物理方程_课程课件/05 第四章  位势方程/05 4.2.2 特殊区域上Poisson方程Dirichlet问题解的表示.pdf	334180	7dff0251c5ef48e7bcb5b182a64d0d3f3b3802cb679600089d5580c8af77f701	7dff0251c5ef48e7bcb5b182a64d0d3f3b3802cb679600089d5580c8af77f701	全页文本提取；非逐页目视	14	原字节保留
数物+复变/数学物理方程_课程课件/05 第四章  位势方程/06 4.3.1 极值原理-课件.pdf	数理方程/资料原件/数学物理方程_课程课件/05 第四章  位势方程/06 4.3.1 极值原理-课件.pdf	301669	7d2cc66ea5509c3e8eeac74c877b043a381e1afc9263a17667f92c0f87d5d075	7d2cc66ea5509c3e8eeac74c877b043a381e1afc9263a17667f92c0f87d5d075	全页文本提取；非逐页目视	12	原字节保留
数物+复变/数学物理方程_课程课件/05 第四章  位势方程/07 4.3.2 最大模估计-课件.pdf	数理方程/资料原件/数学物理方程_课程课件/05 第四章  位势方程/07 4.3.2 最大模估计-课件.pdf	332435	1c133c7cf6b325c81ee60becf198622f20d2f41e6b51092c2ebcdeeb5f8fc618	1c133c7cf6b325c81ee60becf198622f20d2f41e6b51092c2ebcdeeb5f8fc618	全页文本提取；非逐页目视	18	原字节保留
数物+复变/数学物理方程_课程课件/06 第五章  数学物理方程的近似解/01 变分方法物理背景及不可解例子-课件.pdf	数理方程/资料原件/数学物理方程_课程课件/06 第五章  数学物理方程的近似解/01 变分方法物理背景及不可解例子-课件.pdf	325929	3a4d672970353c00aef971bfba937baf280d8b0e5b784520f70303c0463593aa	3a4d672970353c00aef971bfba937baf280d8b0e5b784520f70303c0463593aa	全页文本提取；非逐页目视	16	原字节保留
数物+复变/数学物理方程_课程课件/06 第五章  数学物理方程的近似解/02 吕兹-伽辽金方法-课件.pdf	数理方程/资料原件/数学物理方程_课程课件/06 第五章  数学物理方程的近似解/02 吕兹-伽辽金方法-课件.pdf	282475	4039f9c7c960f9df31daba39e7c700137be54e65955979a862b935b2c23d2270	4039f9c7c960f9df31daba39e7c700137be54e65955979a862b935b2c23d2270	全页文本提取；非逐页目视	13	原字节保留
数物+复变/数学物理方程_课程课件/06 第五章  数学物理方程的近似解/03 差分格式-课件.pdf	数理方程/资料原件/数学物理方程_课程课件/06 第五章  数学物理方程的近似解/03 差分格式-课件.pdf	306927	2c7e64c8eaa7147aa9a5332f9a92998dfca52e7acc023782ae7bda63aa0ec780	2c7e64c8eaa7147aa9a5332f9a92998dfca52e7acc023782ae7bda63aa0ec780	全页文本提取；非逐页目视	21	原字节保留
数物+复变/数学物理方程_课程课件/合并版/01 引言(课程介绍).pdf	数理方程/资料原件/数学物理方程_课程课件/合并版/01 引言(课程介绍).pdf	2478495	75062796e7f14642453565ffd347d058ab423c55c8e1a6f2eb1b5f248dba0441	75062796e7f14642453565ffd347d058ab423c55c8e1a6f2eb1b5f248dba0441	全页文本提取；非逐页目视	40	原字节保留
数物+复变/数学物理方程_课程课件/合并版/02 第一章  数学物理方程的导出和定解问题.pdf	数理方程/资料原件/数学物理方程_课程课件/合并版/02 第一章  数学物理方程的导出和定解问题.pdf	2292565	613be085be1e976044af3a67fff28c17e45f4d3a4068d466351e31a641380018	613be085be1e976044af3a67fff28c17e45f4d3a4068d466351e31a641380018	全页文本提取；非逐页目视	102	原字节保留
数物+复变/数学物理方程_课程课件/合并版/03 第二章 波动方程.pdf	数理方程/资料原件/数学物理方程_课程课件/合并版/03 第二章 波动方程.pdf	4423436	89f0416463423b4485659c71feb6cfd5d8ee9a65a13335c25b995b3e66023e57	89f0416463423b4485659c71feb6cfd5d8ee9a65a13335c25b995b3e66023e57	全页文本提取；非逐页目视	186	原字节保留
数物+复变/数学物理方程_课程课件/合并版/04 第三章 热传导方程.pdf	数理方程/资料原件/数学物理方程_课程课件/合并版/04 第三章 热传导方程.pdf	3506943	80c193458398b2e53e6a6ffa4ab9c6a329a3d5269dabfac6f7ad58acfa5a6a39	80c193458398b2e53e6a6ffa4ab9c6a329a3d5269dabfac6f7ad58acfa5a6a39	全页文本提取；非逐页目视	160	原字节保留
数物+复变/数学物理方程_课程课件/合并版/05 第四章  位势方程.pdf	数理方程/资料原件/数学物理方程_课程课件/合并版/05 第四章  位势方程.pdf	2328353	7d76c89e0914b062bdffbac3893e121682639d18c20f2764ef171f01b76cfc5f	7d76c89e0914b062bdffbac3893e121682639d18c20f2764ef171f01b76cfc5f	全页文本提取；非逐页目视	97	原字节保留
数物+复变/数学物理方程_课程课件/合并版/06 第五章  数学物理方程的近似解.pdf	数理方程/资料原件/数学物理方程_课程课件/合并版/06 第五章  数学物理方程的近似解.pdf	899623	102b877a92806ae1d0fdc85b254c32911492ca167ca7fc0b27fb73d7c41cdb51	102b877a92806ae1d0fdc85b254c32911492ca167ca7fc0b27fb73d7c41cdb51	全页文本提取；非逐页目视	50	原字节保留
数物+复变/数学物理方程_课程课件/课程课件说明.md	数理方程/资料原件/数学物理方程_课程课件/课程课件说明.md	5264	bc8dc28518ef9eaa5e31ddbd462096fc351dfe14e84640c55533e5d8c9f8186e	d910887ed99bcb8b63d095fd2dfe983f9b7b72b2d5c770a9d3e3d2ef8bb90eb0	全文读取		文本路径/状态/安全修订
英语大作业/.config/libreoffice/4/user/autotext/mytexts.bau	英语大作业/.config/libreoffice/4/user/autotext/mytexts.bau	557	25e4303efb512499682cc1ac7035c04b369e4bdcbe2e3d13b6eb5cbe41194e9c		二进制读取/哈希		删除已确认缓存或占位
英语大作业/.config/libreoffice/4/user/basic/Standard/Module1.xba	英语大作业/.config/libreoffice/4/user/basic/Standard/Module1.xba	1124	b434faf21386064e2e81af758f307ae8bea72c0cb6c8510d55b1bc1bb38f8612		全文读取		删除已确认缓存或占位
英语大作业/.config/libreoffice/4/user/basic/Standard/dialog.xlb	英语大作业/.config/libreoffice/4/user/basic/Standard/dialog.xlb	288	85c83411f1285a0d0d9b511a7ea7dd06d5ac9b97f90d286adaca084212e3fe80		全文读取		删除已确认缓存或占位
英语大作业/.config/libreoffice/4/user/basic/Standard/script.xlb	英语大作业/.config/libreoffice/4/user/basic/Standard/script.xlb	349	80cb10b100053f6e0b26bb009a2b8ccbdedb761901680500a4736f7afbf1f959		全文读取		删除已确认缓存或占位
英语大作业/.config/libreoffice/4/user/basic/dialog.xlc	英语大作业/.config/libreoffice/4/user/basic/dialog.xlc	339	5b72c4cc5130eccab44cbfb91270befaeaf8ee7ab97cf205ee2abb582fa4a9e5		全文读取		删除已确认缓存或占位
英语大作业/.config/libreoffice/4/user/basic/script.xlc	英语大作业/.config/libreoffice/4/user/basic/script.xlc	339	5b72c4cc5130eccab44cbfb91270befaeaf8ee7ab97cf205ee2abb582fa4a9e5		全文读取		删除已确认缓存或占位
英语大作业/.config/libreoffice/4/user/config/autotbl.fmt	英语大作业/.config/libreoffice/4/user/config/autotbl.fmt	35313	713229151490c66f043cb4865147c97458b4f33e4eb5f2bb4133c58cbe77041e		二进制读取/哈希		删除已确认缓存或占位
英语大作业/.config/libreoffice/4/user/database/biblio.odb	英语大作业/.config/libreoffice/4/user/database/biblio.odb	2892	c3dd4e9008be33cdede3abf822e9b748a201704adf95aad92ab894dd98b3fe85		二进制读取/哈希		删除已确认缓存或占位
英语大作业/.config/libreoffice/4/user/database/biblio/biblio.dbf	英语大作业/.config/libreoffice/4/user/database/biblio/biblio.dbf	75798	aefc2bb614c2e307870405e0fd72f4a22cf794c396a73ce0551f18a478e80ed2		二进制读取/哈希		删除已确认缓存或占位
英语大作业/.config/libreoffice/4/user/database/biblio/biblio.dbt	英语大作业/.config/libreoffice/4/user/database/biblio/biblio.dbt	46601	3ab142231d8075fdd02c95a691ddce590e0f81450744cb87ca610fd06d75cac1		全文读取		删除已确认缓存或占位
英语大作业/.config/libreoffice/4/user/extensions/buildid	英语大作业/.config/libreoffice/4/user/extensions/buildid	12	2ab3b5004bd72404f183ea302c17c3c618c0fbff6bcbee6cae5f0555a99ca122		全文读取		删除已确认缓存或占位
英语大作业/.config/libreoffice/4/user/extensions/bundled/lastsynchronized	英语大作业/.config/libreoffice/4/user/extensions/bundled/lastsynchronized	1	6b86b273ff34fce19d6b804eff5a3f5747ada4eaa22f1d49c01e52ddb7875b4b		全文读取		删除已确认缓存或占位
英语大作业/.config/libreoffice/4/user/extensions/bundled/registry/com.sun.star.comp.deployment.configuration.PackageRegistryBackend/backenddb.xml	英语大作业/.config/libreoffice/4/user/extensions/bundled/registry/com.sun.star.comp.deployment.configuration.PackageRegistryBackend/backenddb.xml	135	ac6f585621eb04b34549a95c99e015ad5810a4156e021df46c46731e7a087698		全文读取		删除已确认缓存或占位
英语大作业/.config/libreoffice/4/user/extensions/bundled/registry/com.sun.star.comp.deployment.help.PackageRegistryBackend/backenddb.xml	英语大作业/.config/libreoffice/4/user/extensions/bundled/registry/com.sun.star.comp.deployment.help.PackageRegistryBackend/backenddb.xml	117	845041424286d5b794c11ff0a59d3df289dcb1567fb448ef0b85297108675b46		全文读取		删除已确认缓存或占位
英语大作业/.config/libreoffice/4/user/extensions/shared/lastsynchronized	英语大作业/.config/libreoffice/4/user/extensions/shared/lastsynchronized	1	6b86b273ff34fce19d6b804eff5a3f5747ada4eaa22f1d49c01e52ddb7875b4b		全文读取		删除已确认缓存或占位
英语大作业/.config/libreoffice/4/user/extensions/shared/registry/com.sun.star.comp.deployment.configuration.PackageRegistryBackend/backenddb.xml	英语大作业/.config/libreoffice/4/user/extensions/shared/registry/com.sun.star.comp.deployment.configuration.PackageRegistryBackend/backenddb.xml	135	ac6f585621eb04b34549a95c99e015ad5810a4156e021df46c46731e7a087698		全文读取		删除已确认缓存或占位
英语大作业/.config/libreoffice/4/user/extensions/shared/registry/com.sun.star.comp.deployment.help.PackageRegistryBackend/backenddb.xml	英语大作业/.config/libreoffice/4/user/extensions/shared/registry/com.sun.star.comp.deployment.help.PackageRegistryBackend/backenddb.xml	117	845041424286d5b794c11ff0a59d3df289dcb1567fb448ef0b85297108675b46		全文读取		删除已确认缓存或占位
英语大作业/.config/libreoffice/4/user/extensions/tmp/registry/com.sun.star.comp.deployment.configuration.PackageRegistryBackend/backenddb.xml	英语大作业/.config/libreoffice/4/user/extensions/tmp/registry/com.sun.star.comp.deployment.configuration.PackageRegistryBackend/backenddb.xml	135	ac6f585621eb04b34549a95c99e015ad5810a4156e021df46c46731e7a087698		全文读取		删除已确认缓存或占位
英语大作业/.config/libreoffice/4/user/extensions/tmp/registry/com.sun.star.comp.deployment.help.PackageRegistryBackend/backenddb.xml	英语大作业/.config/libreoffice/4/user/extensions/tmp/registry/com.sun.star.comp.deployment.help.PackageRegistryBackend/backenddb.xml	117	845041424286d5b794c11ff0a59d3df289dcb1567fb448ef0b85297108675b46		全文读取		删除已确认缓存或占位
英语大作业/.config/libreoffice/4/user/gallery/sg30.sdv	英语大作业/.config/libreoffice/4/user/gallery/sg30.sdv	2048	65365530165a871772e21962a5d7dda107d8d010f329bf59c878eabc3465bbe4		二进制读取/哈希		删除已确认缓存或占位
英语大作业/.config/libreoffice/4/user/gallery/sg30.thm	英语大作业/.config/libreoffice/4/user/gallery/sg30.thm	565	f1f24dff4f58a716033bcf96ad175d3436bff0e0a233ab09f6215973ed843fed		全文读取		删除已确认缓存或占位
英语大作业/.config/libreoffice/4/user/pack/ExtensionInfo.pack	英语大作业/.config/libreoffice/4/user/pack/ExtensionInfo.pack	32	8f94c7bcb2083a786f6e479c41c0b6b9edea5ef8d6c7afb767b1424ec2e1186f		二进制读取/哈希		删除已确认缓存或占位
英语大作业/.config/libreoffice/4/user/pack/autotext/mytexts.pack	英语大作业/.config/libreoffice/4/user/pack/autotext/mytexts.pack	402	87fe73f37e0e7cb69e9da05eb2a1a8dcc9a11ea0d74130861ba8c55d807b7b35		二进制读取/哈希		删除已确认缓存或占位
英语大作业/.config/libreoffice/4/user/pack/basic/Standard/Module1.pack	英语大作业/.config/libreoffice/4/user/pack/basic/Standard/Module1.pack	644	fe0861e0d877fa3649f03890b80a99adb2a0625e158c4dd1d932515d339bca5a		二进制读取/哈希		删除已确认缓存或占位
英语大作业/.config/libreoffice/4/user/pack/basic/Standard/dialog.pack	英语大作业/.config/libreoffice/4/user/pack/basic/Standard/dialog.pack	220	48f7e1fdd8661f0be6e676f55c9e0d0ccdfffbee9c67dd977d951129e45648fb		二进制读取/哈希		删除已确认缓存或占位
英语大作业/.config/libreoffice/4/user/pack/basic/Standard/script.pack	英语大作业/.config/libreoffice/4/user/pack/basic/Standard/script.pack	241	6961af566352be513bb45dbcc2b92151b0833b59cb65bee346919d31a69d788a		二进制读取/哈希		删除已确认缓存或占位
英语大作业/.config/libreoffice/4/user/pack/basic/dialog.pack	英语大作业/.config/libreoffice/4/user/pack/basic/dialog.pack	238	9a896cbae1ca92f439535587209ff596b14177401358c935227fd1af1efff9ee		二进制读取/哈希		删除已确认缓存或占位
英语大作业/.config/libreoffice/4/user/pack/basic/script.pack	英语大作业/.config/libreoffice/4/user/pack/basic/script.pack	238	9a896cbae1ca92f439535587209ff596b14177401358c935227fd1af1efff9ee		二进制读取/哈希		删除已确认缓存或占位
英语大作业/.config/libreoffice/4/user/pack/config/autotbl.pack	英语大作业/.config/libreoffice/4/user/pack/config/autotbl.pack	1780	1d3e419163e832bfba4c7f8424dd268cca313564ae87b1ede785b6488db6238a		二进制读取/哈希		删除已确认缓存或占位
英语大作业/.config/libreoffice/4/user/pack/database/biblio.pack	英语大作业/.config/libreoffice/4/user/pack/database/biblio.pack	2432	093d969bcb085884376e2c69353852e5a57fe7614de2257097984dcc29043b2e		二进制读取/哈希		删除已确认缓存或占位
英语大作业/.config/libreoffice/4/user/pack/database/biblio/biblio.pack	英语大作业/.config/libreoffice/4/user/pack/database/biblio/biblio.pack	2147	d0db6a1f5a456ffe7ec476e6dda13eef51628deafea9f80d23e6cdc366776d4e		二进制读取/哈希		删除已确认缓存或占位
英语大作业/.config/libreoffice/4/user/pack/registrymodifications.pack	英语大作业/.config/libreoffice/4/user/pack/registrymodifications.pack	805	a2927a4358e522ab7ac114c82dada9db7afa09fbcedfac70c5238a2663baa0fe		二进制读取/哈希		删除已确认缓存或占位
英语大作业/.config/libreoffice/4/user/registrymodifications.xcu	英语大作业/.config/libreoffice/4/user/registrymodifications.xcu	4763	49f194af3b3d2c58ab75728779fef74663a7c4f52aae0a56e72090b0112c86c2		全文读取		删除已确认缓存或占位
英语大作业/.config/libreoffice/4/user/uno_packages/cache/registry/com.sun.star.comp.deployment.configuration.PackageRegistryBackend/backenddb.xml	英语大作业/.config/libreoffice/4/user/uno_packages/cache/registry/com.sun.star.comp.deployment.configuration.PackageRegistryBackend/backenddb.xml	135	ac6f585621eb04b34549a95c99e015ad5810a4156e021df46c46731e7a087698		全文读取		删除已确认缓存或占位
英语大作业/.config/libreoffice/4/user/uno_packages/cache/registry/com.sun.star.comp.deployment.help.PackageRegistryBackend/backenddb.xml	英语大作业/.config/libreoffice/4/user/uno_packages/cache/registry/com.sun.star.comp.deployment.help.PackageRegistryBackend/backenddb.xml	117	845041424286d5b794c11ff0a59d3df289dcb1567fb448ef0b85297108675b46		全文读取		删除已确认缓存或占位
英语大作业/.sudo_as_admin_successful	英语大作业/.sudo_as_admin_successful	0	e3b0c44298fc1c149afbf4c8996fb92427ae41e4649b934ca495991b7852b855		全文读取		删除已确认缓存或占位
英语大作业/Mask-Reuse-Qualification-Review.pptx	英语大作业/Mask-Reuse-Qualification-Review.pptx	2679193	2e5d1e09e01e3c7bbe3d3545b7c43a7431995197f87735f995330f7e7ff065ef	2e5d1e09e01e3c7bbe3d3545b7c43a7431995197f87735f995330f7e7ff065ef	ZIP完整性及正文/幻灯片/备注提取	13	原字节保留
英语大作业/animations.py	英语大作业/animations.py	5927	3d07bd1b1fda1b9b8125cfa68e16470ba39025e713c76529d5a56dac14bb1821	3d07bd1b1fda1b9b8125cfa68e16470ba39025e713c76529d5a56dac14bb1821	全文读取；AST语法通过		原字节保留
英语大作业/awl-in-paper.md	英语大作业/awl-in-paper.md	13940	2f49f481abc26df264b9befa6b2af2ceeb77765a5b615298376d0cdb5b82a7b5	2f49f481abc26df264b9befa6b2af2ceeb77765a5b615298376d0cdb5b82a7b5	全文读取		原字节保留
英语大作业/build_ppt.py	英语大作业/build_ppt.py	19723	9ee39e4c5765e7ab9ca96d298bf6dfcb965858cd5604ab72300ff445a2da5c55	4b27cf83d683c3ab217eeb3089cff4e52064aea180db571c466541471a20348a	全文读取；AST语法通过		文本路径/状态/安全修订
英语大作业/four-person-kit.html	英语大作业/four-person-kit.html	32225	8d42441e9375f472f30b7ec6e765a0c00cdd4358cbe6e8bca320c35939ac1317	8d42441e9375f472f30b7ec6e765a0c00cdd4358cbe6e8bca320c35939ac1317	全文读取		原字节保留
英语大作业/make_deck.py	英语大作业/make_deck.py	24577	904d7307599cce1cb11503944710d1dd3de978b9463dcf30a5a9008241055d84	ff1fdfbddcd2b4ff3b74354c3fd753e33007c73baddbadbd0351be0486a86daf	全文读取；AST语法通过		文本路径/状态/安全修订
英语大作业/paper-selection-guide.html	英语大作业/paper-selection-guide.html	36148	caad52ef7bea478509b2da3aa12c5ddf7e27feed0f16f782f59ccb484a77c7ea	caad52ef7bea478509b2da3aa12c5ddf7e27feed0f16f782f59ccb484a77c7ea	全文读取		原字节保留
英语大作业/papers/Wang2020_Can-Masks-Be-Reused-After-Hot-Water-Decontamination_Engineering.pdf	英语大作业/papers/Wang2020_Can-Masks-Be-Reused-After-Hot-Water-Decontamination_Engineering.pdf	1903074	4ab3e2b25f30a513ddc921f64154015dfe12b054c539b984f8bf604fe289cec3	4ab3e2b25f30a513ddc921f64154015dfe12b054c539b984f8bf604fe289cec3	全页文本提取；非逐页目视	7	原字节保留
英语大作业/papers/Wang2020_fulltext.txt	英语大作业/papers/Wang2020_fulltext.txt	38342	7db4fd29b4781585b6ca269b2b83cdcf76309ff43517ad11c5b8582695c0a6a3	7db4fd29b4781585b6ca269b2b83cdcf76309ff43517ad11c5b8582695c0a6a3	全文读取		原字节保留
英语大作业/papers/Wang2020_fulltext_clean.txt	英语大作业/papers/Wang2020_fulltext_clean.txt	38140	e9fb5715d280e2099ee03707e854f727742e075402fb9af2a9696500d5b1a0de	e9fb5715d280e2099ee03707e854f727742e075402fb9af2a9696500d5b1a0de	全文读取		原字节保留
英语大作业/papers/figures/hires/fig1.png	英语大作业/papers/figures/hires/fig1.png	1923273	9f8db5d41b4b9898082f4c5b815306b7ef1a67acdd1751e556427d879647fe59	9f8db5d41b4b9898082f4c5b815306b7ef1a67acdd1751e556427d879647fe59	图片解码完整性；非逐图语义验收		原字节保留
英语大作业/papers/figures/hires/fig2.png	英语大作业/papers/figures/hires/fig2.png	2047704	7b270fd6172c3e63f4f395e09226c1db994768b44010a9af2d0c8968c91cde64	7b270fd6172c3e63f4f395e09226c1db994768b44010a9af2d0c8968c91cde64	图片解码完整性；非逐图语义验收		原字节保留
英语大作业/papers/figures/hires/fig3.png	英语大作业/papers/figures/hires/fig3.png	1540424	8cd291f754075eb3e0b54d24efb535f6f8142a3b6c348f93e52794ed930a4286	8cd291f754075eb3e0b54d24efb535f6f8142a3b6c348f93e52794ed930a4286	图片解码完整性；非逐图语义验收		原字节保留
英语大作业/papers/figures/hires/fig4.png	英语大作业/papers/figures/hires/fig4.png	1072892	d450ca1b13f406c88e9ee475d506f0904d60424b044d03796048113302767393	d450ca1b13f406c88e9ee475d506f0904d60424b044d03796048113302767393	图片解码完整性；非逐图语义验收		原字节保留
英语大作业/papers/figures/hires/fig5.png	英语大作业/papers/figures/hires/fig5.png	3318969	daaead0dd72cfac6e0bb338d56a5d16e0ce5dd85f52fe83d7aaad8607769c230	daaead0dd72cfac6e0bb338d56a5d16e0ce5dd85f52fe83d7aaad8607769c230	图片解码完整性；非逐图语义验收		原字节保留
英语大作业/papers/figures/panels/fig1_0.png	英语大作业/papers/figures/panels/fig1_0.png	290683	11909c6f643f124b61b6ae95e0adc6c30d0130a0727ad357d5ecb6458cf07adc	11909c6f643f124b61b6ae95e0adc6c30d0130a0727ad357d5ecb6458cf07adc	图片解码完整性；非逐图语义验收		原字节保留
英语大作业/papers/figures/panels/fig1_1.png	英语大作业/papers/figures/panels/fig1_1.png	15057	ffc1714288fcafabc0bf45f6f3df0bb8f98495a2ebaa0508477647f0844c2170	ffc1714288fcafabc0bf45f6f3df0bb8f98495a2ebaa0508477647f0844c2170	图片解码完整性；非逐图语义验收		原字节保留
英语大作业/papers/figures/panels/fig1_2.png	英语大作业/papers/figures/panels/fig1_2.png	409484	6dd36f8760fbdf4b05f7c3e62bf60ff2ae1d7617babd629edc746b602cc08ef7	6dd36f8760fbdf4b05f7c3e62bf60ff2ae1d7617babd629edc746b602cc08ef7	图片解码完整性；非逐图语义验收		原字节保留
英语大作业/papers/figures/panels/fig1_4.png	英语大作业/papers/figures/panels/fig1_4.png	394609	5639d05d002fbb41e3b2d8c571a797ac3b5f1b5b0a4b5b6ede3f365a5471662f	5639d05d002fbb41e3b2d8c571a797ac3b5f1b5b0a4b5b6ede3f365a5471662f	图片解码完整性；非逐图语义验收		原字节保留
英语大作业/papers/figures/panels/fig2_0.png	英语大作业/papers/figures/panels/fig2_0.png	1443838	076471788bab0ab5ded4e85e8ae9ec6556cb52b0a956e992904220e6509de47c	076471788bab0ab5ded4e85e8ae9ec6556cb52b0a956e992904220e6509de47c	图片解码完整性；非逐图语义验收		原字节保留
英语大作业/papers/figures/panels/fig3_0.png	英语大作业/papers/figures/panels/fig3_0.png	395053	e982ef7b8a8df4d524e7f87fac3aff6d707d8abb40bfd05218bff55b575c57b3	e982ef7b8a8df4d524e7f87fac3aff6d707d8abb40bfd05218bff55b575c57b3	图片解码完整性；非逐图语义验收		原字节保留
英语大作业/papers/figures/panels/fig3_2.png	英语大作业/papers/figures/panels/fig3_2.png	774403	e970f31a2b07374b665fe01e310680a5ea55fa5ba67a5a702208f6804e25bfda	e970f31a2b07374b665fe01e310680a5ea55fa5ba67a5a702208f6804e25bfda	图片解码完整性；非逐图语义验收		原字节保留
英语大作业/papers/figures/panels/fig4_0.png	英语大作业/papers/figures/panels/fig4_0.png	395670	3289e82d9b6c653f0a08ddd4350ae6045193f79f1f455031e5ea516af72e6831	3289e82d9b6c653f0a08ddd4350ae6045193f79f1f455031e5ea516af72e6831	图片解码完整性；非逐图语义验收		原字节保留
英语大作业/papers/figures/panels/fig4_1.png	英语大作业/papers/figures/panels/fig4_1.png	421654	2752e1746c0b38aa2a514d3167bd8538e464ef2cb91ae2b73f569c59f2130946	2752e1746c0b38aa2a514d3167bd8538e464ef2cb91ae2b73f569c59f2130946	图片解码完整性；非逐图语义验收		原字节保留
英语大作业/papers/figures/panels/fig4_2.png	英语大作业/papers/figures/panels/fig4_2.png	527279	bcf823bf199edb3d9b6f5659013a118a0cbfb3a136185e47cd80c6f174da03a7	bcf823bf199edb3d9b6f5659013a118a0cbfb3a136185e47cd80c6f174da03a7	图片解码完整性；非逐图语义验收		原字节保留
英语大作业/papers/figures/panels/fig5_1.png	英语大作业/papers/figures/panels/fig5_1.png	502577	6930c40c525b265eac31ef6b3bdf01da5b1cb0813f4e136f68622b5a432f1f76	6930c40c525b265eac31ef6b3bdf01da5b1cb0813f4e136f68622b5a432f1f76	图片解码完整性；非逐图语义验收		原字节保留
英语大作业/papers/figures/panels/fig5_2.png	英语大作业/papers/figures/panels/fig5_2.png	498302	4a3cdfa00a8f052b4b37784703c21c998595fb7982da2edd73e5171dedcf31f8	4a3cdfa00a8f052b4b37784703c21c998595fb7982da2edd73e5171dedcf31f8	图片解码完整性；非逐图语义验收		原字节保留
英语大作业/papers/figures/panels/fig5_3.png	英语大作业/papers/figures/panels/fig5_3.png	368404	0684387b82f0c22f9c3bfa096ef459544e7b623dca3c99b1512bf78f62bdb175	0684387b82f0c22f9c3bfa096ef459544e7b623dca3c99b1512bf78f62bdb175	图片解码完整性；非逐图语义验收		原字节保留
英语大作业/papers/figures/panels/fig5_4.png	英语大作业/papers/figures/panels/fig5_4.png	508549	a58a4041cbcc80dc4471ebce530a38f202d62a0f91c6070c3b4b5e66d8fa65da	a58a4041cbcc80dc4471ebce530a38f202d62a0f91c6070c3b4b5e66d8fa65da	图片解码完整性；非逐图语义验收		原字节保留
英语大作业/ppt_images/01_title_fibers.png	英语大作业/ppt_images/01_title_fibers.png	2563906	5237f53fdc559b96ac8ccb4190b57b9d5b4a54a74e4a80cd174fe4c7c1a9c5a5	5237f53fdc559b96ac8ccb4190b57b9d5b4a54a74e4a80cd174fe4c7c1a9c5a5	图片解码完整性；非逐图语义验收		原字节保留
英语大作业/ppt_images/02_crisis_crowd.png	英语大作业/ppt_images/02_crisis_crowd.png	2297181	824f9cbfea6516ba32426b87a932258cc892b591edc4527092ba32e453de2a68	824f9cbfea6516ba32426b87a932258cc892b591edc4527092ba32e453de2a68	图片解码完整性；非逐图语义验收		原字节保留
英语大作业/ppt_images/03_hot_water.png	英语大作业/ppt_images/03_hot_water.png	2679602	526def9cb38413663ae4be70ea09048a3140e9a110bd72d9dd906124dcadb4c2	526def9cb38413663ae4be70ea09048a3140e9a110bd72d9dd906124dcadb4c2	图片解码完整性；非逐图语义验收		原字节保留
英语大作业/ppt_images/04_static_charge.png	英语大作业/ppt_images/04_static_charge.png	2504967	de9149edb1e0270105a78b2cccf0389d143c534720181e6d9300d2f8457c0738	de9149edb1e0270105a78b2cccf0389d143c534720181e6d9300d2f8457c0738	图片解码完整性；非逐图语义验收		原字节保留
英语大作业/ppt_images/05_particles_capture.png	英语大作业/ppt_images/05_particles_capture.png	2695808	25b5372ec95ae30e948c2c04935818959754610d41107a7cb068c5ecb8291a6e	25b5372ec95ae30e948c2c04935818959754610d41107a7cb068c5ecb8291a6e	图片解码完整性；非逐图语义验收		原字节保留
英语大作业/ppt_images/06_factory.png	英语大作业/ppt_images/06_factory.png	2451083	921367947e5d1caf1f33a571234be4955bc9e5256d403f1a88abe925faac7cfb	921367947e5d1caf1f33a571234be4955bc9e5256d403f1a88abe925faac7cfb	图片解码完整性；非逐图语义验收		原字节保留
英语大作业/ppt_images/07_turbine_blades.png	英语大作业/ppt_images/07_turbine_blades.png	2412718	10b19e36b4a0552c116f2647959fdfef1a23557704a48c2e41c9c9ea803f3c0d	10b19e36b4a0552c116f2647959fdfef1a23557704a48c2e41c9c9ea803f3c0d	图片解码完整性；非逐图语义验收		原字节保留
英语大作业/presentation-plan.html	英语大作业/presentation-plan.html	32673	0c228c388ea9d3cd9333dd8690a4a361f6bc4b468caa36772a8b5ebf9914fc03	0c228c388ea9d3cd9333dd8690a4a361f6bc4b468caa36772a8b5ebf9914fc03	全文读取		原字节保留
英语大作业/qa.py	英语大作业/qa.py	10693	4acb2cdbcd3145cb9b31924f89b3078f056e6db3b36721c5e397866736c08ac0	d7a18827ea759eb9412249ba07f14a892810f59782e8e912023f57d054948e9f	全文读取；AST语法通过		文本路径/状态/安全修订
英语大作业/roles/P1-setup.md	英语大作业/roles/P1-setup.md	3979	501f904eb795255cff9788fb92ae2c8983fa641c2a036ec0eb1df56758225339	501f904eb795255cff9788fb92ae2c8983fa641c2a036ec0eb1df56758225339	全文读取		原字节保留
英语大作业/roles/P2-procedure.md	英语大作业/roles/P2-procedure.md	4661	b265a6c5b056da1483b188137d598b5cf90ba953501f4b71611e89168df58617	b265a6c5b056da1483b188137d598b5cf90ba953501f4b71611e89168df58617	全文读取		原字节保留
英语大作业/roles/P3-filtration.md	英语大作业/roles/P3-filtration.md	5127	33ffd758e3cb5435f3baaef2c15499b16929a8b4833d5cf2c4593d441bb9d637	33ffd758e3cb5435f3baaef2c15499b16929a8b4833d5cf2c4593d441bb9d637	全文读取		原字节保留
英语大作业/roles/P4-verdict.md	英语大作业/roles/P4-verdict.md	6552	eaec11114a8d42f2eb1bc151874b007782226680ee112f93abd43c10bbaf0525	eaec11114a8d42f2eb1bc151874b007782226680ee112f93abd43c10bbaf0525	全文读取		原字节保留
英语大作业/uploads/Academic Word List (AWL) · 自学词汇手册.md	英语大作业/uploads/Academic Word List (AWL) · 自学词汇手册.md	67408	50b1a4cf5514969c825a5dab6e8b65a86e03e406015d46138bb5cb6ce3ea25ab	50b1a4cf5514969c825a5dab6e8b65a86e03e406015d46138bb5cb6ce3ea25ab	全文读取		原字节保留
英语大作业/uploads/image-1.png	英语大作业/uploads/image-1.png	12299	07f6b90082b72923004a81ca31e9afaaba2541f10aa9c9f37a7ec93514b24012	07f6b90082b72923004a81ca31e9afaaba2541f10aa9c9f37a7ec93514b24012	图片解码完整性；非逐图语义验收		原字节保留
