原路径	现路径	当前SHA256	补查结果
工程力学/作业/2026-09-18-参考答案.md	工程力学/作业/2026-09-18-作业/参考答案.md	77952c20c83d6d47354b52019382745ad2e6d31a80c348fed2faf49da9233e4e	完整变更差异已读；JSON图路径/Markdown图片检查通过；跨目录文字引用修复两处
工程力学/作业/2026-09-18-工程力学作业单（2-1、3-1、3-2）.docx	工程力学/作业/2026-09-18-作业/工程力学作业单（2-1、3-1、3-2）.docx	b88b2c48e473de1f14ab28b1f3407aec721c2808bfb938574070ed1ff693aa69	解包逐成员比对；变化成员：[]
工程力学/作业/2026-09-20-作业单.json	工程力学/作业/2026-09-20-作业/作业单.json	125bc36947709df6056d13173e1be911b6f1f4335f1a3a7fb5b897852a3b16ee	完整变更差异已读；JSON图路径/Markdown图片检查通过；跨目录文字引用修复两处
工程力学/作业/2026-09-20-参考答案.md	工程力学/作业/2026-09-20-作业/参考答案.md	c556a4f24befc3b91cc66633366911d7cdd4d0ca9c9e076e890025d059eb30f2	完整变更差异已读；JSON图路径/Markdown图片检查通过；跨目录文字引用修复两处
工程力学/作业/2026-09-20-工程力学作业单（2-2、2-7、题3）.docx	工程力学/作业/2026-09-20-作业/工程力学作业单（2-2、2-7、题3）.docx	9f618d3f830807d1ddafcad5549b238023196483fedcd5d37bceef5fedbc065d	解包逐成员比对；变化成员：[]
工程力学/作业/2026-09-22-作业单.json	工程力学/作业/2026-09-22-作业/作业单.json	c498f937651351e192a44cb488c55d1b34cdb30574d849a1f2a229539ed42b3e	完整变更差异已读；JSON图路径/Markdown图片检查通过；跨目录文字引用修复两处
工程力学/作业/2026-09-22-参考答案.md	工程力学/作业/2026-09-22-作业/参考答案.md	76de5286e38c684b2f155a0f2cdce6bb5dca6dc3e3fcb903b165b48243e5c594	完整变更差异已读；JSON图路径/Markdown图片检查通过；跨目录文字引用修复两处
工程力学/作业/2026-09-22-工程力学作业单（1-2）.docx	工程力学/作业/2026-09-22-作业/工程力学作业单（1-2）.docx	af7f0a64665a2ac5ba14ba5736ba205b3014ff6232a6b832c9cae720588954f6	解包逐成员比对；变化成员：[]
工程力学/作业/2026-09-22-工程力学作业单（1-2）.preview.pdf	工程力学/作业/2026-09-22-作业/工程力学作业单（1-2）.preview.pdf	83a96d62992eb553bd9c9093d03ac084fb8d0ba1fc34102f25f38a36c6647656	1页；提取文本一致=True；默认分辨率渲染像素一致=True
工程力学/作业/2026-09-22-题面.md	工程力学/作业/2026-09-22-作业/题面.md	6255862ed5784f439f75f071a5cf383f635722369e49af0c9a907220799e9e0d	完整变更差异已读；JSON图路径/Markdown图片检查通过；跨目录文字引用修复两处
